,name,minter,generationHash,listings,offers,gas_fee
0,Fractal Amoeba #566,"{""name"":null,""id"":""tz1YC5ce4Z1vBYy2rtdKm7AqaVqEhC7wXN64""}",onynL8P6T7WaRoTq38q4KzLAQEymjqFEpyoYia2Kt62hkASjMZL,[],[],0.004126
1,Fractal Amoeba #565,"{""name"":""pinkguy.tez"",""id"":""tz1XjVqEFgAxAAGbrojm4jLSXUSGyTvw25wT""}",oo5F2qWnMEv7NQZNQLcqp78TXaaNi4MmqLkSZxYGLtMeDDko1Am,[],[],0.004227
2,Fractal Amoeba #564,"{""name"":""pinkguy.tez"",""id"":""tz1XjVqEFgAxAAGbrojm4jLSXUSGyTvw25wT""}",ooiew5kHS5KfBxSiV41hxHN7iaT9kyDUANWuNoDvJi4HE5GAkDL,[],[],0.004227
3,Fractal Amoeba #563,"{""name"":null,""id"":""tz1YC5ce4Z1vBYy2rtdKm7AqaVqEhC7wXN64""}",opWkyAszDoQ7B4b1czDd89KtYx5QKvsQv9MazmKvdiwqbdAE66U,[],[],0.004126
4,Fractal Amoeba #562,"{""name"":null,""id"":""tz1YC5ce4Z1vBYy2rtdKm7AqaVqEhC7wXN64""}",ooA7tkUP4ZSdVHCefYGkNGcXSH5SCAZkxLAhkzr8bYFKBwjDTL9,[],[],0.004126
5,Fractal Amoeba #561,"{""name"":null,""id"":""tz1YC5ce4Z1vBYy2rtdKm7AqaVqEhC7wXN64""}",onm1jzbr2L6JVG33S8NJmLMRMgmuaTa1Q43TNFZqxLbtJmVEBGR,[],[],0.004126
6,Fractal Amoeba #560,"{""name"":null,""id"":""tz1YC5ce4Z1vBYy2rtdKm7AqaVqEhC7wXN64""}",opZkSgAeGco41k4EmLpgEqaS5HJPTef2Taket2MQJCiJM66AAGX,[],[],0.004126
7,Fractal Amoeba #559,"{""name"":""pvpb"",""id"":""tz1LdsF1ApNoQYF2KmsuHsGj4vzz6mwZvNtV""}",opHAxASYshp1yKWoTyPCumKxsFKvEpCRdsNbctHH4BiDiVwhabf,[],[],0.004166
8,Fractal Amoeba #558,"{""name"":""cczer0"",""id"":""tz1gHotBGd6rC1EivmVgoL5Kopnz8Y9jiyjP""}",ooL44QEgZ4u13Ymbp1gsFP35hTHHFb3v1fG921bk1bre4w9rsDt,[],[],0.00447
9,Fractal Amoeba #557,"{""name"":null,""id"":""tz1SiyERS7zq1qMBc6em6pEEWajG7Lww26Jk""}",onzNKY2rQpkFDkY8QhWeEcuJ1C7CfqFvSJJURGbBFCG7RGU6rsT,[],[],0.00413
10,Fractal Amoeba #556,"{""name"":""42ordinarymice"",""id"":""tz1Mx2mPSTY5ddFDyCQMtRzCNaHcpMBJoxMr""}",opKGz1B1thiQTcFYzToiFNycTboLzC83f2xxJ9NLKFxLUvbx7ph,[],[],0.00417
11,Fractal Amoeba #555,"{""name"":""Howdy Doo NFT "",""id"":""tz1P719ymGCtNwavZKh2LmhMs53dGsEMzjnm""}",ooUXKTHMFSGfoy7Vqb2Xq7rbEnMEQUV4rQvq45kHGhzcPGm89cR,[],[],0.004423
12,Fractal Amoeba #554,"{""name"":""Howdy Doo NFT "",""id"":""tz1P719ymGCtNwavZKh2LmhMs53dGsEMzjnm""}",onupkhCWnt7fWbGxVEWphh7kqUJLvHteD1tuoJyJwj8fk26Z3Ec,[],[],0.004423
13,Fractal Amoeba #553,"{""name"":""Howdy Doo NFT "",""id"":""tz1P719ymGCtNwavZKh2LmhMs53dGsEMzjnm""}",ooUFcQeEsKxQjk8Gk3PiPTXJB3VFYk9H8QzLBp2cPz1DSwqowUC,[],[],0.004423
14,Fractal Amoeba #552,"{""name"":""Howdy Doo NFT "",""id"":""tz1P719ymGCtNwavZKh2LmhMs53dGsEMzjnm""}",ooaZC3RnztWnSYPgWwqXfr6XRtY6yFPNdd3PtsWxTNRttBRSz3M,[],[],0.004423
15,Fractal Amoeba #551,"{""name"":""ABOSCH"",""id"":""tz1Sqhrj49cW9aTuwQrDa4mycnA7n5dDd7rF""}",onmdNfnUKLHwUFVyvp7HQSm86j1yFN2QxW89aPZipshbnKaxrRL,[],[],0.004471
16,Fractal Amoeba #550,"{""name"":""asbjornenge"",""id"":""tz1UZZnrre9H7KzAufFVm7ubuJh5cCfjGwam""}",ooNHtFx1WLjmmyCVuq2Pg1NTYMrxFj1Ry8h4uvado8qFBiWXxcf,[],[],0.00413
17,Fractal Amoeba #549,"{""name"":""asbjornenge"",""id"":""tz1UZZnrre9H7KzAufFVm7ubuJh5cCfjGwam""}",opBzxK98NCA3bRrwAkiYQb9m9TqabFHvsD7EXUB8vrvkbB86s6u,[],[],0.00413
18,Fractal Amoeba #548,"{""name"":""ragnar_meta"",""id"":""tz1a4Kj5Xe3qrgFRp7XQngSy9GgSQBkEmGgw""}",op4KCAL3bT9ZreQcyWi4TVUhC4JSTqRnzAD3sKnafGdD5YYSmiz,[],[],0.004426
19,Fractal Amoeba #547,"{""name"":""ragnar_meta"",""id"":""tz1a4Kj5Xe3qrgFRp7XQngSy9GgSQBkEmGgw""}",ooBV8XfdJj2hkGVpjDLeeQMPgczuRuDXEYWpLrhH71jfLpC3WYB,[],[],0.004426
20,Fractal Amoeba #546,"{""name"":""ragnar_meta"",""id"":""tz1a4Kj5Xe3qrgFRp7XQngSy9GgSQBkEmGgw""}",oneP4KuNJxawwr66E85TxvMTMw3tw55ndGDSni4m2VEtFXHni58,[],[],0.004126
21,Fractal Amoeba #545,"{""name"":""spacegoodies.tez vault"",""id"":""tz1YEd84t1fNqNsywZBmABgBDQD3cabmiN6N""}",ooP2Cv6f52U8vHQrFyYe4xXCwUZSSDAysTtStFrw3cSmMWxE7Dw,[],[],0.004473
22,Fractal Amoeba #544,"{""name"":""minky888"",""id"":""tz1WWZ44meVhcDKaLLX3q24iSdkXosqBgniC""}",opRByrCjZVD6tYeyrZWmLfUFkJ6GzcqmpMa1qv3AY25xcuYt8b5,[],[],0.004172
23,Fractal Amoeba #543,"{""name"":""ORGANA"",""id"":""tz1MkXtuDKZ7rD2oFeAqhtBc76P1u1euKupT""}",ooB47nWaiKbh74J1aWU7MWqdy1uDkfKnXCZ2L4s3m1pYbX7uGrf,[],[],0.004422
24,Fractal Amoeba #542,"{""name"":null,""id"":""tz1Mn66CLYJUmsrYSy23EFtdWBkHgqCooCzi""}",opH5XuzaPD4LighMyrZkVysp1QaMba9rzd4Swf6UrwH8YeKDnLV,[],[],0.004422
25,Fractal Amoeba #541,"{""name"":""Monk Antony Burner"",""id"":""tz1hDLrNjA1pmDGSuiP7ocBzJD5DGYsNLQFF""}",onh4FrEXWkRakZrN7jsZHv2q8oeYKCwYFr8hgKgrG5Q6Ke6MFgf,[],[],0.004429
26,Fractal Amoeba #540,"{""name"":""VIKTORIYA"",""id"":""tz1iRs4xScM3dZM8mY4fjDNTkE2fU3cD4bkN""}",onoy5cT3Cf7xX6CZUxXYgvd9z8cAtNfSq2QGrpJuFBbKQaMbEt4,[],[],0.004135
27,Fractal Amoeba #539,"{""name"":""Wanda Oliver"",""id"":""tz2QRKf4tg2eeH9ZSsRq25jDu9hsDgXbLw3x""}",opaVMDUqzqaCDYEgCVeeaLuZB8v6sr4UXt5m7NX6QPnnxsKfiXo,"[{""price"":10000000,""acceptedAt"":null}]",[],0.004168
28,Fractal Amoeba #538,"{""name"":""Hevey"",""id"":""tz1NMvVB48fNzrG3rPZS58Eo1nSJ6p3RjRyz""}",ooGjUf5ugDyDTQBFfZLQYVedHugdocrhAw7ctmwBDVnZ78dFbsa,[],[],0.004469
29,Fractal Amoeba #537,"{""name"":""Hevey"",""id"":""tz1NMvVB48fNzrG3rPZS58Eo1nSJ6p3RjRyz""}",ooo8qYiTr8WuMWzMtxkVQmUTX3qYyj6Auo1nrmbLQ9j1JRSPLmU,[],[],0.004469
30,Fractal Amoeba #536,"{""name"":""Ozaa"",""id"":""tz1cfg8kE4XXiPspGtjDLrmpS3fWF9BuaqBd""}",opKFCtg3MBjXSZgopv6qrMHiSSEuqbSSR8XAFacnhz4kUeqXF2J,[],[],0.004474
31,Fractal Amoeba #535,"{""name"":""Ozaa"",""id"":""tz1cfg8kE4XXiPspGtjDLrmpS3fWF9BuaqBd""}",ooa79VRkdxjZFwWEX4heQyZWP4tQdByULxoGTTQpzuYNE8rooEp,[],[],0.004174
32,Fractal Amoeba #534,"{""name"":""jzubes"",""id"":""tz1YdeWoRBQ7W1LFsnfHv8XmzzgLYDwamw4a""}",ooMWftMNNJxAyBds5w7QFu2gkVXcGrjqBaWXKYVXTBhQiSJyCDD,[],[],0.004473
33,Fractal Amoeba #533,"{""name"":""jzubes"",""id"":""tz1YdeWoRBQ7W1LFsnfHv8XmzzgLYDwamw4a""}",opKGSfnqdJqfgRVaREP1qTaNAZpTrNqSaNZpTM1gbRqPmTLcURu,[],[],0.004473
34,Fractal Amoeba #532,"{""name"":""jzubes"",""id"":""tz1YdeWoRBQ7W1LFsnfHv8XmzzgLYDwamw4a""}",opQvGx997T9hQWwuoGQBCcLVHcMmC8QT2raH25LqfYvyij4JD8U,[],[],0.004473
35,Fractal Amoeba #531,"{""name"":""Chromatures Vault"",""id"":""tz1MzDdGjz7iYbbJ67CygUWqcueW213CVg4h""}",oorKqtZFG5aYav7WKLUAu8vwtnoLMRw6FYnJMQazNwsUqGAaF5b,"[{""price"":6900000,""acceptedAt"":null}]",[],0.004422
36,Fractal Amoeba #530,"{""name"":""Chromatures Vault"",""id"":""tz1MzDdGjz7iYbbJ67CygUWqcueW213CVg4h""}",ooSGkhgdL6PqZZN6nkw24JNnQbdFAAivQZ8hF9W6EKTzvUTWovo,[],[],0.004422
37,Fractal Amoeba #529,"{""name"":""siggi"",""id"":""tz1MSjegET9sGZFjWUpB5BgLjBMoZujCmSup""}",opUydCDUgCvPtnnVZjsZmDWgYkmAQum7QDBZdPwb2i3G6jyXA1S,[],[],0.004422
38,Fractal Amoeba #528,"{""name"":""siggi"",""id"":""tz1MSjegET9sGZFjWUpB5BgLjBMoZujCmSup""}",ooDG7xj995uGcgjL7xtafhjWVu8QFVj7EbjRBSCZEWGSgpXgZNQ,[],[],0.004422
39,Fractal Amoeba #527,"{""name"":""Chromatures"",""id"":""tz1XBME7W5YfsqDKWQRtJTPWc4b7nVoECX34""}",ooShxzoM3s2x7Ys4PSoozMeCHSyyoY8u4QQvdgGhynnXwmfhW2m,[],[],0.004425
40,Fractal Amoeba #526,"{""name"":""Chromatures"",""id"":""tz1XBME7W5YfsqDKWQRtJTPWc4b7nVoECX34""}",onvi2MHNAEje8UTdHcf18SYGbxoL4zsVqdCuMGuE9acFFGPsCC9,[],[],0.004425
41,Fractal Amoeba #525,"{""name"":""FFFFLOOD.tez"",""id"":""tz1LVUrnCK1DpB4YDhz2JGZcq5RxJDvdTnzh""}",oohTQv7YzEKhuPqxAVPztv15xKDCzKjXgJgoGj9GFWseZKtcd1p,[],[],0.004128
42,Fractal Amoeba #524,"{""name"":""Gamer"",""id"":""tz1dKCYGMhw4JwQ2CzcRvreFFb9nUDpEvgY3""}",onmYSrmT8LH4GmwLTbh1v2KGKiR9HdXGcCVzzGxdn5k3rK6vZWj,[],[],0.004133
43,Fractal Amoeba #523,"{""name"":""Gamer"",""id"":""tz1dKCYGMhw4JwQ2CzcRvreFFb9nUDpEvgY3""}",op4jt3xsNN2apjzGLrjdBqzUyWCTtzyFP4QYX2y1chuhKkony5u,[],[],0.004133
44,Fractal Amoeba #522,"{""name"":""abuu0929"",""id"":""tz1TTjeFg9kgyvx3aVsFsp9Ku37ECRyWJ58j""}",ooTQi6TSmdSTVHqW665F4RJ4i3UGf7f6u9XoiZH7wXPdAiDZHNq,[],[],0.005
45,Fractal Amoeba #521,"{""name"":""abuu0929"",""id"":""tz1TTjeFg9kgyvx3aVsFsp9Ku37ECRyWJ58j""}",opEVQyg9hNpTg5VJpdWAPkR212KBptx3vc8CFLoCd9c1Scondb7,[],[],0.005
46,Fractal Amoeba #520,"{""name"":""abuu0929"",""id"":""tz1TTjeFg9kgyvx3aVsFsp9Ku37ECRyWJ58j""}",ooHhZU5RhE1NwXsnQwvW9c3eF4RrXVVixdXSwKeWZvLsfmS6Uwn,[],[],0.005
47,Fractal Amoeba #519,"{""name"":""abuu0929"",""id"":""tz1TTjeFg9kgyvx3aVsFsp9Ku37ECRyWJ58j""}",oo6aoCTZ3hggFk1Qe9D7KfrkM5KbPPxNaSFFfEs7g8pnbx21nh9,[],[],0.00413
48,Fractal Amoeba #518,"{""name"":""generative_maxi"",""id"":""tz1ftu1iV7gWM5wiQjH215nk4yFkEne7BAg9""}",ooZJ994LBm58xxfFXGmUCP1ASLEpiMXY6xYjwSF4RD4j2pgmkvt,[],[],0.004428
49,Fractal Amoeba #517,"{""name"":""generative_maxi"",""id"":""tz1ftu1iV7gWM5wiQjH215nk4yFkEne7BAg9""}",onxpzt6oGXAUbAp5hgW4C7dca3DJ14ms8EPFXd1ZaDqB75p8o2f,[],[],0.004428
50,Fractal Amoeba #516,"{""name"":""generative_maxi"",""id"":""tz1ftu1iV7gWM5wiQjH215nk4yFkEne7BAg9""}",oohkdDqbgGN4VLDFrfuv3EsC3KQHh3ZghGpTcYRLtYF3GfeGoSw,[],[],0.004428
51,Fractal Amoeba #515,"{""name"":""generative_maxi"",""id"":""tz1ftu1iV7gWM5wiQjH215nk4yFkEne7BAg9""}",opaZQrhVWyBdq48UB9sKgH17smwMC7eEPos3hniUgd9q1c2yVWJ,[],[],0.004428
52,Fractal Amoeba #514,"{""name"":""cryptolibertarian.eth"",""id"":""tz1W1GYYv7Lmb4L6SNXv7D3nptnRygoA6AUr""}",oopHZo85PAo35ijXMrR7WjJkbxEp7UgUpfCTcF4Lk7q6h26BJnw,[],[],0.004425
53,Fractal Amoeba #513,"{""name"":""cryptolibertarian.eth"",""id"":""tz1W1GYYv7Lmb4L6SNXv7D3nptnRygoA6AUr""}",ooiAdeqtVf1d2brr6MTMmM6fukRyZkU3Aa1if2AzKC62mDRv4hq,[],[],0.004425
54,Fractal Amoeba #512,"{""name"":""cryptolibertarian.eth"",""id"":""tz1W1GYYv7Lmb4L6SNXv7D3nptnRygoA6AUr""}",onv2oSAS8kEpB8Ph6yhaPJ7DA8RdDhGPDTj9hCohC4W3qRHqEvg,[],[],0.004425
55,Fractal Amoeba #511,"{""name"":""cryptolibertarian.eth"",""id"":""tz1W1GYYv7Lmb4L6SNXv7D3nptnRygoA6AUr""}",ooF5C5aVRkFsqdi9iv7CtnkxKPgZ7VvJJggseiazGK82jFgovZu,[],[],0.004425
56,Fractal Amoeba #510,"{""name"":""cryptolibertarian.eth"",""id"":""tz1W1GYYv7Lmb4L6SNXv7D3nptnRygoA6AUr""}",opDoXcWnHNnU3ZYZnpUpktnJWmRhNSDaq9opDt1AJNV5CiFaM7E,[],[],0.004125
57,Fractal Amoeba #509,"{""name"":""cryptolibertarian.eth"",""id"":""tz1W1GYYv7Lmb4L6SNXv7D3nptnRygoA6AUr""}",opBgdtvpGVuLCDDjGz3f6X1id7G3u8YJHWnvid5wErtMTr1bghA,[],[],0.004125
58,Fractal Amoeba #508,"{""name"":null,""id"":""tz1htrY7KHbM3T2wkC9vBZSbe2AY5Dr5osVR""}",oofVwHtHmiSfU1Gagm8EEogSK4PTZMdz9nzkj3JdeUpCqT4Hrzb,[],[],0.004429
59,Fractal Amoeba #507,"{""name"":null,""id"":""tz1htrY7KHbM3T2wkC9vBZSbe2AY5Dr5osVR""}",oniG6JCvSF46KADzhsLftA7hPYHherHXP74gaXAfTyEfuCErDQd,[],[],0.004429
60,Fractal Amoeba #506,"{""name"":null,""id"":""tz1htrY7KHbM3T2wkC9vBZSbe2AY5Dr5osVR""}",opNmMYPmNNAgk2hYKpb3LkRibe1FbCXavBPbHoL6Puqjbr2KsMT,[],[],0.004429
61,Fractal Amoeba #505,"{""name"":null,""id"":""tz1NJf4KZ17SC4hwqznFCCkBz7jVWQ2TjTzK""}",onfbFJSaMsmeV3PvbuuWBeTSxV2bt1PhLBKDPAu97pSLbchJgai,"[{""price"":6000000,""acceptedAt"":null}]",[],0.004128
62,Fractal Amoeba #504,"{""name"":""CryptyNifty"",""id"":""tz1TrppMHEEFJG4hs5tXdrCueohe4Zx3bjzD""}",oocGca1cokoDhP3a2kJcoftpP5qm9UoZq1wFBEDeZQUPcUkctVS,[],[],0.004424
63,Fractal Amoeba #503,"{""name"":""E-Maniak"",""id"":""tz1TCLLAiTeSErGYefqgDdMvsaUGQzKHjvWR""}",oojL6tn4akncMCSxBCnmpRHuKp49L2eQVBaBUTkT3y5iJmL7cAh,[],[],0.004424
64,Fractal Amoeba #502,"{""name"":""rover"",""id"":""tz1YseydcorqAoU5AY4xkvNqhghWSuKMLnCc""}",oovRWYB3QVNLRKb372zXpp9xZo4JU81QBfAoszqAdt89XczBZuR,[],[],0.004426
65,Fractal Amoeba #501,"{""name"":""rover"",""id"":""tz1YseydcorqAoU5AY4xkvNqhghWSuKMLnCc""}",opPsguZdxeQ6xSR56e7SrS6cBkion8QQ7Ft17gmJ4qYY16MzxRb,[],[],0.004426
66,Fractal Amoeba #500,"{""name"":""pravijn"",""id"":""tz1e7SP5KzZ5Q4vTGWVHi1D2kARqZtn9ziqR""}",ooqzcghtXYht7exoAzJ21oA7aJDdo1Tqtyyx98NzFMvmR1E8nUG,[],[],0.004428
67,Fractal Amoeba #499,"{""name"":""mikegee"",""id"":""tz1QFFvtYHPdvPC72AtsxvoeLXDUE8YutqXa""}",opUWzwSwZwuSfNSCzGRoxMMANPSK823SW7rrQacgRpvGJv8Ezoy,[],[],0.004129
68,Fractal Amoeba #498,"{""name"":""ykxotkx"",""id"":""tz1ZV6zpRiyGdpFxprDSuA1CUaXh5HyHAssc""}",ooNdvNKVdWj4d6Nhs2eHh8p9xjD6FzYA4nc4wYZ1ggygN3af2s9,[],[],0.004426
69,Fractal Amoeba #497,"{""name"":""ykxotkx"",""id"":""tz1ZV6zpRiyGdpFxprDSuA1CUaXh5HyHAssc""}",op7pbpgP1zvsEmzwZ1qXgZogBEK8bEGfbsbvMhu8D24KzC7bAZn,[],[],0.004426
70,Fractal Amoeba #496,"{""name"":""ykxotkx"",""id"":""tz1ZV6zpRiyGdpFxprDSuA1CUaXh5HyHAssc""}",ooBKWyRnzYEGxVQkpmJ7WkZaLuV5gJR48Z1LRxAdTKdqKJPzoAP,[],[],0.004126
71,Fractal Amoeba #495,"{""name"":""ykxotkx"",""id"":""tz1ZV6zpRiyGdpFxprDSuA1CUaXh5HyHAssc""}",onwwCfREnczpYigszi5xi7pP8Ai1KWvSvSuqhJdU829UxgDWd8Q,[],[],0.004132
72,Fractal Amoeba #494,"{""name"":""Gin_"",""id"":""tz1gdtdRsFhQzXf3tMXtU8LZ75jPpDoo4WpQ""}",opZhzby9aGgAGrGB44X5Fo5kzp7fgSpoZ1h3FCqMRXZQjrDTsq6,[],[],0.004429
73,Fractal Amoeba #493,"{""name"":""Ethspresso"",""id"":""tz1RB3poJD9r5cLXjzZPJ2RuR8eeLYWXMLDN""}",oojoEXyd3EmJLN4M4HRsrffZHfKNCFEZ7mjGgXgRb3AoYs95sLc,[],[],0.004478
74,Fractal Amoeba #492,"{""name"":""Ethspresso"",""id"":""tz1RB3poJD9r5cLXjzZPJ2RuR8eeLYWXMLDN""}",onjydPL6BzTgRRChk2v2Szi9xgc7Ut23owtqLdtS2TTBGRWeYV2,[],[],0.004478
75,Fractal Amoeba #491,"{""name"":""Ethspresso"",""id"":""tz1RB3poJD9r5cLXjzZPJ2RuR8eeLYWXMLDN""}",ookE5VDRKt2LorXAYeCWstgyCqAedSpcsgHCcyYwoZMdFHZuhWM,[],[],0.004478
76,Fractal Amoeba #490,"{""name"":""Ethspresso"",""id"":""tz1RB3poJD9r5cLXjzZPJ2RuR8eeLYWXMLDN""}",opCPtkXbBbRjtwVh7VnWwbMDypQ29QrtsLZ143F9iQwZFyRsPvD,[],[],0.004478
77,Fractal Amoeba #489,"{""name"":""Ethspresso"",""id"":""tz1RB3poJD9r5cLXjzZPJ2RuR8eeLYWXMLDN""}",ooVHXC4HXTQ9M1pWVpLCk23mjDygFxDSvct6n1LNhmcdh4DLBjw,[],[],0.004478
78,Fractal Amoeba #488,"{""name"":""NftBiker"",""id"":""tz1hvfkpf7HbnE1Rroi7JbyegVjZzu97Yqw6""}",ooY3FXGm2kbcULLP3rH1ynukNtTP4Ko5gSd9XCSdo6myjASJvXk,[],[],0.01
79,Fractal Amoeba #487,"{""name"":""pravijn"",""id"":""tz1e7SP5KzZ5Q4vTGWVHi1D2kARqZtn9ziqR""}",ooNZpmxmsEXERyEq8ZHPaUfRCqSqXqCWHuHkCCjEmF8gJQQXtsK,[],[],0.004428
80,Fractal Amoeba #486,"{""name"":""Paper Buddha"",""id"":""tz1bGbwHUDw5JF16scd8xavRuhVocxDeVN8V""}",onvXRfdUoZTvE4WzkHhhFDidgLGvsSdvCTg6BoDu2Fug8HbxqpE,[],[],0.004427
81,Fractal Amoeba #485,"{""name"":""Paper Buddha"",""id"":""tz1bGbwHUDw5JF16scd8xavRuhVocxDeVN8V""}",ooxwBSipwPWaywquaZiCCnzeddhK6Guy16rMQ7Z2459BkbR4Mc7,[],[],0.004427
82,Fractal Amoeba #484,"{""name"":""Paper Buddha"",""id"":""tz1bGbwHUDw5JF16scd8xavRuhVocxDeVN8V""}",ooE6oFU93JTaf54Zr6uHk8Bf4JaNJfcsRLKcHnxnfiKPAQinWpE,[],[],0.004427
83,Fractal Amoeba #483,"{""name"":""memphis_mantis"",""id"":""tz1cDzxx8QBhF739wPwiQf4CN3b3kP6oUMkH""}",onhrAdjJVAKDz6Qij6RfXs5DxktqqXdkNvGeUq4BvbyKZYHp9U3,[],[],0.004427
84,Fractal Amoeba #482,"{""name"":""memphis_mantis"",""id"":""tz1cDzxx8QBhF739wPwiQf4CN3b3kP6oUMkH""}",ooKnq9s8VjCvQjP1W3pnPtcTC4qvX2Rxdp3veS3AgnPyrEJX2dW,[],[],0.004427
85,Fractal Amoeba #481,"{""name"":""vendee"",""id"":""tz1badiCQyDYvFg8xqvJRaJxaxqyNtkjGFrM""}",oofmNgkqk8uxaSYjbEvtyLuD4rW4yYqGNvdyyGtKvKLivp6PQmR,"[{""price"":55000000,""acceptedAt"":null}]",[],0.004132
86,Fractal Amoeba #480,"{""name"":null,""id"":""tz1S78whMfg44Jb9sRoyuhRf2EtM1kkJZc1K""}",ooEynrRNJXi2dHdv7VPQSoZXLKDj6FUHxF3V3eLTsTuPc7M5iTd,[],[],0.004424
87,Fractal Amoeba #479,"{""name"":""BlackBox"",""id"":""tz1VpaAR1pd8g6ZncYzALuMEaiB1iJcQyC89""}",opPpCdEdwHKcFDFh7Vof2MXMjFQ8DKuQHT55KvKHoJpeqVXKxks,[],[],0.004472
88,Fractal Amoeba #478,"{""name"":""imysc"",""id"":""tz1YyT2LRzDyVgy3GZTTvfUkLct42F4zTMJ5""}",onw5yfFf9z3r4MgDw9avu3rkg8hdeXPaWZYCE6vk1kV36JCKiE5,[],[],0.004131
89,Fractal Amoeba #477,"{""name"":""MrHabMo"",""id"":""tz2XcTK1czj4tFBieMKAtaJP1ejpW3HSKfpm""}",ookV51ub65jH8aXduD6R2R4zY13pM3ANqHFT21VDRwkCQjfqvhZ,[],[],0.004168
90,Fractal Amoeba #476,"{""name"":""innovadores"",""id"":""tz1dV7FpF25aLv22sjiDksmFGye15J8zrVxV""}",onuhzBeWHEFjsvXQRF6QNodKL2CDXkKbH5cXurKNwCSM7DH69Yp,[],[],0.004167
91,Fractal Amoeba #475,"{""name"":""moges4"",""id"":""tz1eKPzeALHySGinkpYjNRxANLSfijPQEnXN""}",opZFqf4U8Vbz31HPFhaQQasAnyCEEkGFiXwzCc1tEAX4H8mbJYY,[],[],0.004428
92,Fractal Amoeba #474,"{""name"":null,""id"":""tz1ir7ce5Px17eb6RLMZWjy5TkkAWkevsRxH""}",ooW1LxjmbNuuJby4AqEpGqqaZwUEvE3xhqCeTidz1Kau4S2ERLT,[],[],0.00443
93,Fractal Amoeba #473,"{""name"":""tajjjjjj"",""id"":""tz2XaKy4hP8R6Hmw8Y977JRntXhPmmJj3vSX""}",ooivbh3hqoDQfiS1Tgc729Rv1tFxJ3RV8fMapgXtkc8FxZLDqKj,[],[],0.004478
94,Fractal Amoeba #472,"{""name"":""art4skullsgenart"",""id"":""tz1SWwpTDpvf8PAYnenfsXF9bbUwJRzksJND""}",ooNzupDx7hNY1kHQ9VZK5po4ti6ASJ9EkhPTDd7QAGnmEzpEpx2,[],[],0.004424
95,Fractal Amoeba #471,"{""name"":""art4skullsgenart"",""id"":""tz1SWwpTDpvf8PAYnenfsXF9bbUwJRzksJND""}",ooeudWrVGn1dvapdHAUbu4dPoyeH8VjBr9Uh1HjGiNVWTrvfFJY,[],[],0.004424
96,Fractal Amoeba #470,"{""name"":""art4skullsgenart"",""id"":""tz1SWwpTDpvf8PAYnenfsXF9bbUwJRzksJND""}",ooHzhMPtMW8x2z8hjGjThdXn3EFywTj52wMUew9ewtDUP6KWGTb,[],[],0.004129
97,Fractal Amoeba #469,"{""name"":""tajjjjjj"",""id"":""tz2XaKy4hP8R6Hmw8Y977JRntXhPmmJj3vSX""}",oo5hzYhtf5zR6yDP56W98GAbe6cezkDKsqxfj56VE37sjeZKMSE,[],[],0.004478
98,Fractal Amoeba #468,"{""name"":""tajjjjjj"",""id"":""tz2XaKy4hP8R6Hmw8Y977JRntXhPmmJj3vSX""}",onxWJsZcb4yQdmbhS9bhqaBjdcUVA6qbyYhQ4ktx7rLeQ6FCAAJ,[],[],0.004168
99,Fractal Amoeba #467,"{""name"":""burgoon"",""id"":""tz1XQ9wLep4ABRKr9TJ2nE3KvYhQfV83mNNp""}",op7s9pMhoD2Ft8bxRrAg1gd9cm7hWoBEAREnhZ4aRrX6DdKFxB2,[],[],0.004425
100,Fractal Amoeba #466,"{""name"":""art collector"",""id"":""tz1isguKP6JYgmpRJMvjwJaFRYmjfkLmY6ug""}",onqJJ5nVy3HQHU3qD7hjERLUX1nkTusXntVPmRfEJubH28BxDPN,[],[],0.004477
101,Fractal Amoeba #465,"{""name"":""art collector"",""id"":""tz1isguKP6JYgmpRJMvjwJaFRYmjfkLmY6ug""}",oonwyvKatBeMCEdxrV2tUaa92ggZKLQ4tbgZ3ZKw6gWEimNTt1B,[],[],0.004176
102,Fractal Amoeba #464,"{""name"":""Yomu Oyashi"",""id"":""tz1Zi5htB2ccaq3oAuJD7P99yCTbqFUJrASB""}",oomSjcMV6g5eg6AVXDaBaRfFSFn8sHtjmFW9VP4QdetBzEGi2BP,[],[],0.004426
103,Fractal Amoeba #463,"{""name"":""Yomu Oyashi"",""id"":""tz1Zi5htB2ccaq3oAuJD7P99yCTbqFUJrASB""}",op5N23vNc6Roh36Q7hMm8mLEBfYUDMcK2XQLLnTJJy5AkjWAZwZ,[],[],0.004132
104,Fractal Amoeba #462,"{""name"":""M.O.O.D/Music Of Our Day"",""id"":""tz1g43soW12HyrVJpJdyhQ5zN4e1SWXBdbK9""}",ooWn8PejDbZVtrfZV9eCuifb1hHbyCzLCDaGqAF6F2s2VnrFhAQ,[],[],0.004188
105,Fractal Amoeba #461,"{""name"":null,""id"":""tz1gnYkpAmYQdqfX3JYGYjtgC4sppu4buD6V""}",ooo8uCFnLWNVLPAf7tqKwHkB956zj6tTNX3z5aY5LxWj7KZ5w4H,[],[],0.004476
106,Fractal Amoeba #460,"{""name"":""dglitch0us_v"",""id"":""tz1carrwoVAkoxsEJuYRUjaqk3qUtMHxo4zP""}",ooAqnwr8S6JkEjXjWWgLHCVGJytHDYcEbmZpApx8PdtZFZoLCit,[],[],0.004427
107,Fractal Amoeba #459,"{""name"":""dglitch0us_v"",""id"":""tz1carrwoVAkoxsEJuYRUjaqk3qUtMHxo4zP""}",ooZpp5Je6k4hXso2oQdrWDERtCvDAhfr8t7Ubynvj5rXtQG6mzF,[],[],0.004133
108,Fractal Amoeba #458,"{""name"":null,""id"":""tz1cD87TJp9Kkg8FZ9m48YS8MSiw1F1x8pzG""}",oowkbXkD1rNjbuEXAL37bhtndp9HSEMv1s2QhzqBXhmhRsUkrg7,"[{""price"":2980000,""acceptedAt"":null}]",[],0.004126
109,Fractal Amoeba #457,"{""name"":""Brownworkglov3"",""id"":""tz2LoDmPaWdHLGkKPPjdQSeHT8BwDgGFopd9""}",op3n3QVnaBuu62Lpn8Yjh4Rfz5HdYQUYEnnr6tpuFNAebqT3452,[],[],0.004477
110,Fractal Amoeba #456,"{""name"":""donnerss"",""id"":""tz1WN3u9SaiHLzVq3NjrBQVZjH1vxE3ze2Lc""}",ookgRh6Y1B1ZE6GB4me5U2jGH6nqJebUo5q2WzHEanaM6q5UcEX,[],[],0.004472
111,Fractal Amoeba #455,"{""name"":""S.E.M"",""id"":""tz1YTgtJmy2L6S4huTqHpEYe6AuRiwAYLa9R""}",onqb5pCBGbgx2hRqQtjYeZNxc5NienPJECuEUsy7tUTcponavwq,[],[],0.004426
112,Fractal Amoeba #454,"{""name"":""catsfan.tez"",""id"":""tz1Lgo4CiqAMz61wkdNsNDza6UKj9UVvbrb3""}",onihAni4dnEuRdJKE87LE8ntnaFgXnGdXDSLYUA5sHXmB6Sd5cw,[],[],0.004422
113,Fractal Amoeba #453,"{""name"":""catsfan.tez"",""id"":""tz1Lgo4CiqAMz61wkdNsNDza6UKj9UVvbrb3""}",ooSKPrUNAqytF3d4TH89MgFMCxnYvzj4gNgoyA9F9S9auAsbW9Y,[],[],0.004422
114,Fractal Amoeba #452,"{""name"":""hungry"",""id"":""tz2C571mwS7wtxyQiqTKt9xWsxPc2TwK5ENa""}",ooqAwaiwNj88SdV78ndjzR8uBWWaodYovDxb44r9gqS9y7wui6S,[],[],0.004176
115,Fractal Amoeba #451,"{""name"":""hungry"",""id"":""tz2C571mwS7wtxyQiqTKt9xWsxPc2TwK5ENa""}",ooQztth4mwsEBfxbcYiNDhywkwmXKKQUUTRKi7hfcpHReCfYRej,[],[],0.004176
116,Fractal Amoeba #450,"{""name"":null,""id"":""tz1MgYSz47CAS1STxfyQsBKSrjGKMLV6tLys""}",ooB4XsCvJrLjrZJWSK1oXEaWvyEBFsES63xYQGcCurzmgSDLTcF,[],[],0.004469
117,Fractal Amoeba #449,"{""name"":""lone_vault_"",""id"":""tz1N7kMYrwCPMJdvj1M5ENSQxyToeZZyoi2v""}",opZzYmgF2GM7Mrzr5gjGj3Gt5U8TNQhHcZ6mgFCtFC7rzbYg5Xm,[],[],0.004422
118,Fractal Amoeba #448,"{""name"":""lone_mallard_"",""id"":""tz1Ln4QHmphUY4MP9PnnYRZwSB3HZyyx2CgT""}",opXTr38WR83YvuTtPQJrcijKM4x2hiRGNPWkb23m9vWDkrzoqxA,[],[],0.004422
119,Fractal Amoeba #447,"{""name"":""bfos"",""id"":""tz1cbJ2fHK4Tv7yES7Tq9dc9k8gXArnk7DyE""}",ooNLSgsyoHSUZyJHHce5AGic6hcHVCNpH96K97YydyopVQQZf7e,[],[],0.004133
120,Fractal Amoeba #446,"{""name"":""Magonometria"",""id"":""tz1ZCSuVKWQw4xX1CJDkjwxvxxpH8Sn3d5Xk""}",ons3LjiJxDTK1CEZ7xAFziVdvePe6LsAaHpWXvPtWZtafYaDxhy,[],[],0.004473
121,Fractal Amoeba #445,"{""name"":""Magonometria"",""id"":""tz1ZCSuVKWQw4xX1CJDkjwxvxxpH8Sn3d5Xk""}",ooH5rS4go6wk1KcoAzvdzoBcPN6Xzs7rRvpvqMjUVeSHrg5krmd,[],[],0.004473
122,Fractal Amoeba #444,"{""name"":null,""id"":""tz1QpS9CVkaHPPiH8iP1TXHvuvxhFY52eUcu""}",onxPQo7s6EqBYiERJSRFZtvCyqWDqbb98maXUdbKdYWcpuXYqDD,[],[],0.00417
123,Fractal Amoeba #443,"{""name"":""Toebz"",""id"":""tz1bTb1TkHCP6CEK9fFiCaMrJLtWXpM6yjva""}",op8ays2jit6hG85exf8a7JDLqmoR573N9vZnezHmHFVoCUGgqAA,[],[],0.004474
124,Fractal Amoeba #442,"{""name"":""simulation"",""id"":""tz1M1TAPmAWgZGR4hcC1MFALjAVSih3YCXE2""}",onfZ9sLMYH6wqAaNodYQUPz5ZLt3WCjm6gjQNeWj22btxHBkQpc,[],[],0.004469
125,Fractal Amoeba #441,"{""name"":""NftBiker"",""id"":""tz1hvfkpf7HbnE1Rroi7JbyegVjZzu97Yqw6""}",onfKou1ukVNE8Ma5gtK7Loc9ipbUdU9jkACCqta1M8pbgTJA5PP,[],[],0.004429
126,Fractal Amoeba #440,"{""name"":""NftBiker"",""id"":""tz1hvfkpf7HbnE1Rroi7JbyegVjZzu97Yqw6""}",onorkmzgUrYoDSmpGofJBVESP6BPJTcNECftNAGmNAkwpNMnZzN,[],[],0.004429
127,Fractal Amoeba #439,"{""name"":""NftBiker"",""id"":""tz1hvfkpf7HbnE1Rroi7JbyegVjZzu97Yqw6""}",opMjcx6ogyZjAVhiCekMAUvGmVvtZ1zAJYJ2zsU8fEHeC9KUrWZ,[],[],0.004429
128,Fractal Amoeba #438,"{""name"":""jzubes"",""id"":""tz1YdeWoRBQ7W1LFsnfHv8XmzzgLYDwamw4a""}",oo2Nw8DNgLZQ3WxGDpSDUDMU6VTWxWfeBBQQko4T4NegdSQLuPV,[],[],0.004473
129,Fractal Amoeba #437,"{""name"":""k@in"",""id"":""tz1LMv35kXU69zkySfPfaiy1U7yfHR96rEVJ""}",oo9GschQSGhMwoJESvDAF5ZF3jLRhfY8iRxbU4WxSCAXWvg5p6e,[],[],0.004128
130,Fractal Amoeba #436,"{""name"":""pixelwank"",""id"":""tz1fPR5U9vvCJMjfB5gFjgAGB2eD76arskGG""}",onr8QqJozbXPB4iRpYKWgH2AFpEcu4XUxaeUxQmAvJmks3gzR6A,[],[],0.004175
131,Fractal Amoeba #435,"{""name"":null,""id"":""tz1YeDzfSGfDKhgCAfVzZDdDHhLEyN8YL64n""}",ooubycYPxMRNzBAMBko4TSj1GXjx7FnRKZfEZXZ5Qg4CqKpQiVr,[],[],0.004426
132,Fractal Amoeba #434,"{""name"":""Manfred"",""id"":""tz1ez6NCePNGbQXdY54y4MdLmjC4o6wZJxSY""}",oouvYnQemsaE5Dpiibqs7k3QpwDwSbwpb5LAMP2zHu9HRhjH5mD,[],[],0.004133
133,Fractal Amoeba #433,"{""name"":""speculative"",""id"":""tz1Q3VQ2seeJgMiu2rYm2jd2cJkN9tRRZHmb""}",opED3Sq2aXZ7EzeXfe5enyBQNKpYdsZig2Eh3GT9YHzdJCuzjhm,[],[],0.004423
134,Fractal Amoeba #432,"{""name"":""skelly"",""id"":""tz1d6q9Vehans6jXTLdtULUhS4U5jry479PY""}",oniwCGEjiCaStUR8uYPBQTX4nm39cb7Ray3HTqDuMThe1oAbwZP,[],[],0.004482
135,Fractal Amoeba #431,"{""name"":""skelly"",""id"":""tz1d6q9Vehans6jXTLdtULUhS4U5jry479PY""}",opZtQ9yqijfjZbcnmjUK6WJ53nouehxgd9vgikYt9bW3gDrFrQv,[],[],0.004482
136,Fractal Amoeba #430,"{""name"":""ndru_art"",""id"":""tz1YhAXQFfX2umDgD7gUES1wFjvLHzbRr7P5""}",ooLg1pzfuw99oXQFDukGZaKXTJv8N3FGA137Sf5L8tG9BBMgo7U,"[{""price"":50000000,""acceptedAt"":null}]",[],0.004426
137,Fractal Amoeba #429,"{""name"":""Sirnoshame "",""id"":""tz1QtUffjYoFJ6e7Pno1YVTqTqc5GWXD3iyj""}",ooygGmrsZxVpSJpYumhsi4bZoqD2kr2TSxvr6uAKyg2KkdSaRED,[],[],0.00417
138,Fractal Amoeba #428,"{""name"":""star entities"",""id"":""tz1SbnzTfhWwcjMFmXzNW6YTsFbis5vV2MGR""}",ooTi3Ta4Kp9A1J8erGf7RS75qosTdmBKhgMx1KnVAWHfaxFUAFs,"[{""price"":2690000,""acceptedAt"":""2022-12-23T02:56:44.000Z""}]",[],0.00413
139,Fractal Amoeba #427,"{""name"":""Parsifal"",""id"":""tz1UmMwUrDsYoWMJYGvrhkUrgJeibp4ba6Eo""}",oosMeDfNdNqxqb6RCBb1k6QT2J4V5oBY1yJWXTesKLfo1nrTc2q,[],[],0.004479
140,Fractal Amoeba #426,"{""name"":""Parsifal"",""id"":""tz1UmMwUrDsYoWMJYGvrhkUrgJeibp4ba6Eo""}",ooTH3PbPwVVDTsgdt1oHoXtFkERjDpMHP3dV7FsLAPxM1JhUPAv,[],[],0.004479
141,Fractal Amoeba #425,"{""name"":""Parsifal"",""id"":""tz1UmMwUrDsYoWMJYGvrhkUrgJeibp4ba6Eo""}",oo2YELRFatWrqYJT34GwgexuZJvEriRwgVSEiMaE3b1h8bokZU5,[],[],0.004479
142,Fractal Amoeba #424,"{""name"":""Parsifal"",""id"":""tz1UmMwUrDsYoWMJYGvrhkUrgJeibp4ba6Eo""}",opTJeW7SDqArT4efcyR7imFSoVEZcm8kTxjcM8gjg4VNnUX5W4S,[],[],0.004479
143,Fractal Amoeba #423,"{""name"":""Parsifal"",""id"":""tz1UmMwUrDsYoWMJYGvrhkUrgJeibp4ba6Eo""}",ooNvMQQuTrskuxfaC7goS4F7UrjmtRBycBBVLRBqXZRksX4pPNj,[],[],0.004479
144,Fractal Amoeba #422,"{""name"":""Parsifal"",""id"":""tz1UmMwUrDsYoWMJYGvrhkUrgJeibp4ba6Eo""}",op8s2GpkJEXz8vPriyBPa6GQfEPU4MhGXxGZwcZfj3w4sZuz7Wk,[],[],0.004479
145,Fractal Amoeba #421,"{""name"":""Parsifal"",""id"":""tz1UmMwUrDsYoWMJYGvrhkUrgJeibp4ba6Eo""}",oojKuCjqiFCYRDM6AWBwEZXDuJqWGCyhMVVzYwjsMMpLUcRkrgr,[],[],0.004479
146,Fractal Amoeba #420,"{""name"":""bspcccc"",""id"":""tz1ibJBGF5HZYzqofZ16ikjkBth92k7VG3qu""}",ooi43qRpYvXDBvYiiwD6nS4HjDY7ZpdzNmApM1w3CDjZQ4hbmKA,[],[],0.00443
147,Fractal Amoeba #419,"{""name"":""Parsifal"",""id"":""tz1UmMwUrDsYoWMJYGvrhkUrgJeibp4ba6Eo""}",oobgDtAynKdWdNZMFrn1pa75at5kFKc5Va2iDEem5dM7SGV6hvk,[],[],0.004479
148,Fractal Amoeba #418,"{""name"":""Nevglov"",""id"":""tz1SiJbBaDPbgKf3ZnKicgzGxiHipTUYu8bV""}",ooUDXm9QZBDhnGkPG9MTppRnq9aT9MnwVKzPyC7wWZZ7QXM6HEf,[],[],0.004424
149,Fractal Amoeba #417,"{""name"":""zsmasher"",""id"":""tz1ZmRiQW7bh37hqJSnyC5v18haM8nwGKPP5""}",ooXbEBH96w86MQz7CZo8cJ6FB2vYcNXESoYBzRU1F9jLnW2w7MR,[],[],0.004427
150,Fractal Amoeba #416,"{""name"":""becoinz"",""id"":""tz1W91VjTrVGVLDXL8MoPdNBA58ZBKTo6x8F""}",opNixaebUyWG1HdwmaThiBhnruokdFcX9vQthYknt8mbuk5rw1m,[],[],0.004425
151,Fractal Amoeba #415,"{""name"":null,""id"":""tz1eiVBbhcb1Y3pYNU5x2WHh2hJ8xhwTYdWk""}",ootY9SVmanwZo8JctDtmFLvJdJikBBvHdm4CRnPyiwCywKEkuQR,[],[],0.004133
152,Fractal Amoeba #414,"{""name"":""Choch"",""id"":""tz1SuW9ARD5gFbAfZXLv6Cw8e5ieJuYZwzBM""}",oonRiMvmArncLBfWt7hN6Z48GZr22BLGdMwq8gWLGs6CtxJxHDG,"[{""price"":8000000,""acceptedAt"":null}]",[],0.004424
153,Fractal Amoeba #413,"{""name"":null,""id"":""tz1Nru4TSeCRWEHYjmkEXmVkv3e5LuzBAEbr""}",onrtmJJGAagQsH9it9ezekbFnEEkNu9oMEmbnzL6y9EovpMdHpZ,[],[],0.004423
154,Fractal Amoeba #412,"{""name"":""mercurial"",""id"":""tz1h8YLotB1zP3fWSAEUwFdTPQb8frZiwBeu""}",onu894zXEMZKrYCzBDEDo4kmQEstXdyfV7Q4BuxAb5bnFDApwYg,[],[],0.004134
155,Fractal Amoeba #411,"{""name"":null,""id"":""tz1Nru4TSeCRWEHYjmkEXmVkv3e5LuzBAEbr""}",ookwyXG2FWU8bet6ZK8rJkiG44NRhZRsR1FdzZhtN4cvoWt9ENy,[],[],0.004423
156,Fractal Amoeba #410,"{""name"":null,""id"":""tz1TDiTsoWpNCsLhiSq55NMog4gV4AurpQkn""}",opPNXqadGW9wJhJLf3S7A2c2DKnxN3P77Htq2Hcw2JEW1EWK6Bb,[],[],0.004424
157,Fractal Amoeba #409,"{""name"":null,""id"":""tz1Nru4TSeCRWEHYjmkEXmVkv3e5LuzBAEbr""}",ooKqk21Wzt1dRrcEGnEdi9kLvUrVKpXDeW4ukTx43jiiibNjvbk,[],[],0.004423
158,Fractal Amoeba #408,"{""name"":null,""id"":""tz1Nru4TSeCRWEHYjmkEXmVkv3e5LuzBAEbr""}",ooniHdrfKDT3mmnemzqWyig5dxgJbHnK1JPVPWC4VC6gk5c5EAF,[],[],0.004423
159,Fractal Amoeba #407,"{""name"":""jpsiroman"",""id"":""tz1PnZU8rXSeKc9KNTqMU9pLaHNJrB1sfng4""}",oozMuxAv4VtPDLhMSwekDrzQVmdF9kkh1dJFrptgtExLgNwAT3S,[],[],0.004694
160,Fractal Amoeba #406,"{""name"":""zsmasher"",""id"":""tz1ZmRiQW7bh37hqJSnyC5v18haM8nwGKPP5""}",op6PAqxWLXDpyRRu78LPU6JTBGVdtAhiPYyYTE9zmYzVd7wfDUD,[],[],0.004132
161,Fractal Amoeba #405,"{""name"":""jpsiroman"",""id"":""tz1PnZU8rXSeKc9KNTqMU9pLaHNJrB1sfng4""}",opMBA8UPHxgffMQgJhfUS2iq7AQ1zur7zLe35aAmHwNasrR3bWg,[],[],0.004396
162,Fractal Amoeba #404,"{""name"":""a18z"",""id"":""tz1ZU5N4UHW519RtpyB7yZdETEWBtGRpmA3W""}",onnfTuGe9HUBAzjLbAADL9xW8wPDH8tuuegSCPCUAeK13SWaJYX,[],[],0.004391
163,Fractal Amoeba #403,"{""name"":null,""id"":""tz1Trg6npgauME1Nb8zkkv7xv7sBdboNUFPP""}",ooat8eWDYHkpvxi58eQztnX8qzFjvRWC3BQiBVqKaGVfNF4R94x,[],[],0.004479
164,Fractal Amoeba #402,"{""name"":null,""id"":""tz1Trg6npgauME1Nb8zkkv7xv7sBdboNUFPP""}",oon7SrHUS39gmm2FZHAp5FwPjn8s8cvfN9ZUsdiN7a4SvTBC2nq,[],[],0.004179
165,Fractal Amoeba #401,"{""name"":null,""id"":""tz1Trg6npgauME1Nb8zkkv7xv7sBdboNUFPP""}",ooSv5bWf3MfyBbq6ekEGNDZmpaZSkLGu5vKyfrMLsEbqsLfyHzp,[],[],0.004184
166,Fractal Amoeba #400,"{""name"":""boringold.tez"",""id"":""tz1cnyX1CUqm9zRsZSaN49dSF51iBwnfoFah""}",ooc5cC3m7E9Rys19ApfoPQfYRymZkRnHAwFdGCV5AR71thmXNZZ,"[{""price"":4000000,""acceptedAt"":null}]",[],0.004133
167,Fractal Amoeba #399,"{""name"":""Elout de Kok"",""id"":""tz1gmu6JWBtVempivULkthcWT3hgXjtHz2xT""}",oou3AB6PBHcqRTpZBBoMVULHSNG6gukohsMpGuN2JQp6MbcmrvG,[],[],0.004429
168,Fractal Amoeba #398,"{""name"":""boringold.tez"",""id"":""tz1cnyX1CUqm9zRsZSaN49dSF51iBwnfoFah""}",opAVc5zUAkr4b93ZhJGULsBtGKDYbiEB6nspMeXSNkEvjskqZBG,"[{""price"":3980000,""acceptedAt"":null}]",[],0.004133
169,Fractal Amoeba #397,"{""name"":""Brownworkglov3"",""id"":""tz2LoDmPaWdHLGkKPPjdQSeHT8BwDgGFopd9""}",opRR9AYzwGovEN587LXrm6HNREipcce8pcAfbLShPwJxfHiQrsF,[],[],0.004168
170,Fractal Amoeba #396,"{""name"":""Brownworkglov3"",""id"":""tz2LoDmPaWdHLGkKPPjdQSeHT8BwDgGFopd9""}",oov2CFxcTn5VCED6W5fTPAnFq1oWQNV3tBCB6hBo2LcxJptMneR,[],[],0.004177
171,Fractal Amoeba #395,"{""name"":""GcChaps"",""id"":""tz1UrH7GNvCT7o6cJkm8P4BRrSehqw5pVLke""}",op6QKsZupCwQj8xSSHgwa5mJK1qVNSQrHd5LvtZ3QYsArT4NUK3,[],[],0.004472
172,Fractal Amoeba #394,"{""name"":""Darek"",""id"":""tz1TCzgKsZvaQx4K63EHMxSY5Sk1mrfDDjdC""}",ooEXCYMxxNEt9RbPtB32nTbRY9mZ5s9122rgpjq9UL8cnCUX7JB,"[{""price"":10000000,""acceptedAt"":null}]",[],0.00413
173,Fractal Amoeba #393,"{""name"":""r_c_w"",""id"":""tz1UTqqu34rdw2R5yUHEjT44WAc8iMHDUvJL""}",ooKEAk2F12sH2CY3EM9Yud8bMW6HNAXmREFQwjF2zjFzmdWa3k2,[],[],0.004166
174,Fractal Amoeba #392,"{""name"":""dtheletterd.tez"",""id"":""tz1gZ6HeNUhdMxuzhBff8NKrsPbpsq4qQ3pE""}",oo2DaUdNjbDsVrw4wAoaPPZM5apJ513apXqmHjDeNVCpUr4GQDg,[],[],0.004126
175,Fractal Amoeba #391,"{""name"":""dtheletterd.tez"",""id"":""tz1gZ6HeNUhdMxuzhBff8NKrsPbpsq4qQ3pE""}",op6v9JnkygTS8knQcbthiL57gmRwgDDYGpU829PV5Sgyics1eh2,[],[],0.004126
176,Fractal Amoeba #390,"{""name"":""Biggtopp"",""id"":""tz1VymPMaRnZDWojxs1puBgtJjLGKxnTpcS3""}",onkz3Kep8zN1rBnCANoXaYCZiusP5jpVKAEpjcpeCtVvRAf3FTQ,[],[],0.004131
177,Fractal Amoeba #389,"{""name"":""asymrisk"",""id"":""tz1gfXs3WHR94roqYMuDqgMqYxeEPZ6JxmUo""}",ooio3HpCJzpfnQNWSiV5fbTNjjF6N4LRP6s1j9JW5nxf5GD6beF,[],[],0.004134
178,Fractal Amoeba #388,"{""name"":""asymrisk"",""id"":""tz1gfXs3WHR94roqYMuDqgMqYxeEPZ6JxmUo""}",oowH2Q4aB6HUqvW2PPwvQH13g7S2KbADkomLJGhwEkjBoNY4ZJL,[],[],0.004134
179,Fractal Amoeba #387,"{""name"":""GcChaps"",""id"":""tz1UrH7GNvCT7o6cJkm8P4BRrSehqw5pVLke""}",opZoU28c3BYzCnk5WxE9fWn9dPSSKKuQb7K1QkAMaUT95GYd7KB,[],[],0.004472
180,Fractal Amoeba #386,"{""name"":""GcChaps"",""id"":""tz1UrH7GNvCT7o6cJkm8P4BRrSehqw5pVLke""}",opGu8hmzHRPJQ9WKaidW2pdg1iNcWpManQQ8SW7xgyi5Xza49r3,[],[],0.004472
181,Fractal Amoeba #385,"{""name"":""pixelllove"",""id"":""tz1Y8mLs76CegLHKHGDzqPtNXTg8e6jof5EF""}",ooMKkKCtMKmEM3GBEN4fsBvpndWvX7M1Ytokg5B4HdwWvqa8JQ8,[],[],0.004126
182,Fractal Amoeba #384,"{""name"":""pixelllove"",""id"":""tz1Y8mLs76CegLHKHGDzqPtNXTg8e6jof5EF""}",opQAz1hsMsRNXvrvmsH8B3hgjZQiSXfQdecUUTCEW41u6DNmDyd,[],[],0.004126
183,Fractal Amoeba #383,"{""name"":""pixelllove"",""id"":""tz1Y8mLs76CegLHKHGDzqPtNXTg8e6jof5EF""}",opNQBHjwwBin29MDGXj2VD6Mpda55v8awX2nLDVNFDC8N3YC3Pd,[],[],0.004126
184,Fractal Amoeba #382,"{""name"":""k0xrbi"",""id"":""tz1PfPAviF7iiSBptnyZbPLEjThenmxa6njG""}",ooGLgaP1g9rBzCFdeTrGN8iy9hgunzRHVwLNCo44Pa74zsAYKLR,[],[],0.00447
185,Fractal Amoeba #381,"{""name"":""Muses&Code"",""id"":""tz1erq3vuEBQgSaTEcgeUqb5Wh9t4di14UBx""}",ont1s4kNDZ96SbXrjYT4VnT7Cckp3oRKbNo7BUq2Ef3RSY6pYe5,[],[],0.004428
186,Fractal Amoeba #380,"{""name"":null,""id"":""tz1LJchBBMZNAjhJq5qGHNEyzPceRtFuHAqy""}",oor9KKv1FfBKtFK4cQdpEG3AyjgFXteGo1V13mrk5ekRY4rixsS,"[{""price"":8000000,""acceptedAt"":null},{""price"":3800000,""acceptedAt"":null},{""price"":11000000,""acceptedAt"":null},{""price"":8000000,""acceptedAt"":null},{""price"":38000000,""acceptedAt"":null},{""price"":15000000,""acceptedAt"":null},{""price"":11000000,""acceptedAt"":null}]",[],0.004128
187,Fractal Amoeba #379,"{""name"":""Erik-West"",""id"":""tz1P4iM5y89uzQomRZPZ7XFuHV6Uw3b7YTQ9""}",onhER3wGZEtJbBf6qpN1yGZp3W7JTgRzhAWnmekER8KjBmApatP,[],[],0.004129
188,Fractal Amoeba #378,"{""name"":""jzubes"",""id"":""tz1YdeWoRBQ7W1LFsnfHv8XmzzgLYDwamw4a""}",opB2f2r6UPB8rXPnMyY4HQamjRwWJAonTFu5kbM4MbxWFSYbNfG,[],[],0.004473
189,Fractal Amoeba #377,"{""name"":""Erik-West"",""id"":""tz1P4iM5y89uzQomRZPZ7XFuHV6Uw3b7YTQ9""}",ooaVyBPCTPEbbuh3t12ZE6D1AAUpWVSRgdhBKMipRDFvXnHHx1X,[],[],0.004129
190,Fractal Amoeba #376,"{""name"":""Muses&Code"",""id"":""tz1erq3vuEBQgSaTEcgeUqb5Wh9t4di14UBx""}",ongzMTH3wr5VfAgh2DTS3EXmn8sRjwHpSGBGamVTBP8LWUoCnF6,[],[],0.004428
191,Fractal Amoeba #375,"{""name"":""Muses&Code"",""id"":""tz1erq3vuEBQgSaTEcgeUqb5Wh9t4di14UBx""}",oo9FaEvwDEe3o1BTVyFH3Pom5s3VGXdGfCNv942vC8jrwhTdgpG,[],[],0.004133
192,Fractal Amoeba #374,"{""name"":""Muses&Code"",""id"":""tz1erq3vuEBQgSaTEcgeUqb5Wh9t4di14UBx""}",opKnFvSVUmPAk4xqqiysGzwqzEQrZ4j6o8QrjQzot8k4jNo9gnW,[],[],0.004133
193,Fractal Amoeba #373,"{""name"":""Ginko in the moon"",""id"":""tz1f4xtDjVtJRq7qJsXCxqL3CweyNNQNFQ4g""}",ooaPHVWSXwQqX1TczoyjAkn73xvigu9c5ByFTRich9vSWA46oNQ,[],[],0.004134
194,Fractal Amoeba #372,"{""name"":""oneworld"",""id"":""tz1RV22Kt1BRBckNpi2Wg6yvYZ3PxWQutrMS""}",oo6T6hWdwLS1SBzwiJARa8WBwu2tui3ajZpTr5j6ix2F1uby1TX,[],[],0.00417
195,Fractal Amoeba #371,"{""name"":""NukCZ 3.0"",""id"":""tz1PE2AB3CNUXdvKqEE7Z4CKTfd7NJyMz9Qj""}",ooJNvyJRj2FY2uayUXtfBgQxAjpuiMMtf5VnyQDFiCDLyVATNXo,[],[],0.00447
196,Fractal Amoeba #370,"{""name"":""growing.tez"",""id"":""tz1XP2yXQcx2okKrRAM5xUfZSmWedQBC66FJ""}",opYdZU9hYsaETAHHa4N1gg1HCSNmHjd4g9TaqnkvTtp34HwYytB,[],[],0.004172
197,Fractal Amoeba #369,"{""name"":""ThalamusT"",""id"":""tz1RN93o5QHt4LGr8zDg65tjUK6zNegff4GR""}",oovqtisUb1pjs3xaJdKcaYKc8VNCx7G6bNM3LpoH6KSfHBdxJ6T,[],[],0.004424
198,Fractal Amoeba #368,"{""name"":null,""id"":""tz1dSgkFyxA3Fo7NgxH8ZimYyMHvJ3RpWDCV""}",ooWtkFhYUjwuXx415Kdh5fNNTSffy1VgnJcPJ3jfjwZtfWLXwMS,"[{""price"":15000000,""acceptedAt"":null}]",[],0.004428
199,Fractal Amoeba #367,"{""name"":""Chenwa"",""id"":""tz1dEXH1Qzm8cYHBuykJ7DLZw2zvK7wqtoxP""}",onkRWcfuswxR3UMh7SQg6Xs4Cn7BgX7yPaoqgEc3iyEnaWzbnQb,[],[],0.004428
200,Fractal Amoeba #366,"{""name"":""Syncopa"",""id"":""tz1QaqDst1HSnes5KP3tSjZVDaiWLFjbVpZv""}",opYLBH5XCVFCZRrsfSq4Po5e6kX1DmhrNvo6EPdpHtVbKjK6CTH,[],[],0.0044
201,Fractal Amoeba #365,"{""name"":null,""id"":""tz1gHKwt2rFCiTSMTQxNCAbKPTAby1V8it1z""}",oo1LrvB6R5Qt5f5b5teudyWqPtE1mKdkBigGKkKvpjYUYkq9rCn,[],[],0.004429
202,Fractal Amoeba #364,"{""name"":""A R T R A"",""id"":""tz1VGZPvqytFVAoSAsM8VrUveJdL3PpVy6K9""}",oo5wVHczy4r4jyhMq1EyJyHj2SmSH6xHvGpQEykhtKdzEz6n59n,[],[],0.004131
203,Fractal Amoeba #363,"{""name"":""aromaq"",""id"":""tz1cuW8eSXYtYCNsvDpQkHuvtSDijieoi9A9""}",oov1k8eAv39DSf7S2kwpTdXz9v9p8dTeZeA1irCfLczJpxY5P9o,[],[],0.004057
204,Fractal Amoeba #362,"{""name"":null,""id"":""tz1VDzxkBJaERUrQiQrqF1ZgBvpTMdWdqtdP""}",oojkdArtocvr75hStuCZksLpYTkk3SD1aWTwb3LXfDfBxKo8dm3,[],[],0.004472
205,Fractal Amoeba #361,"{""name"":""Mateus"",""id"":""tz1iM6u63MXfbf1Mt1FDWotTRBAd6DoVScv3""}",oo6VRaosjnqngwwajj5iyjxK43Hw5DbggL8USMvsBnPwfDwmMkn,[],[],0.00443
206,Fractal Amoeba #360,"{""name"":""Mateus"",""id"":""tz1iM6u63MXfbf1Mt1FDWotTRBAd6DoVScv3""}",opRipG7Qdq4AvZFDgbURwU3xdPdJxL9ngH8ebw76CBvTbE35jdq,[],[],0.00443
207,Fractal Amoeba #359,"{""name"":""Bullseye"",""id"":""tz1Rfd1m2ewicrZAR17T9fK3XBveMCeMPaeL""}",oni9JCGnc8vrtLsKLpsXujyDFVFpT9xCRhYBFBwNTrZDujh2Jah,[],[],0.004179
208,Fractal Amoeba #358,"{""name"":""Bullseye"",""id"":""tz1Rfd1m2ewicrZAR17T9fK3XBveMCeMPaeL""}",opRXRHXT9iHFkR5d3d7N5KRzr52WkiCJ1hE7MEnpPhNMHYih4ng,[],[],0.004179
209,Fractal Amoeba #357,"{""name"":""Bullseye"",""id"":""tz1Rfd1m2ewicrZAR17T9fK3XBveMCeMPaeL""}",onj9Uwg1d3voW7iNDYmMM6pAGLLnSVmJuVy4SfRAUyUCh9GsFP3,[],[],0.004179
210,Fractal Amoeba #356,"{""name"":""Bullseye"",""id"":""tz1Rfd1m2ewicrZAR17T9fK3XBveMCeMPaeL""}",onucGJ6kFZBDGnPmdHBFZFC3TfLF5aiRCHZ33ADKcvzeeMBBPgw,[],[],0.004179
211,Fractal Amoeba #355,"{""name"":""CAT ART"",""id"":""tz1hmh4p8Zn7XMYG8EjXCajBuAf4YmxGkWLS""}",ooUk83SNnEJezXrLEhUdGJGWoHrMdUaRptz8iuCkWToeCJWCToi,"[{""price"":9220000,""acceptedAt"":null}]",[],0.004429
212,Fractal Amoeba #354,"{""name"":""æther"",""id"":""tz1XpFAeKEyiNf3GcyhwdPZHiJ8BuwK9APvX""}",oouEPn9ZCogds7eSSzwcHiKyv8CBSrchJ3zrohwoPo7v3WmxJCz,[],[],0.004426
213,Fractal Amoeba #353,"{""name"":""æther"",""id"":""tz1XpFAeKEyiNf3GcyhwdPZHiJ8BuwK9APvX""}",onq4SM8n4bdWpst9SYxLC94bNNitVKEjCn4wdmSmKAH99P7616Y,[],[],0.004426
214,Fractal Amoeba #352,"{""name"":""celadoor_fxhashA"",""id"":""tz1SR5dqLZLUTWVtRMEhE2hovoos2Gb7bmPh""}",opGDLPg7Dkn2cvGQNoAvaUo3UrNFzSKhtyTVqUDDD9HABkCMton,[],[],0.004424
215,Fractal Amoeba #351,"{""name"":""celadoor_fxhashA"",""id"":""tz1SR5dqLZLUTWVtRMEhE2hovoos2Gb7bmPh""}",ooQybmKf7uDjxAYhxxAzYsQ8gqXjY3sWChV9azzeRJYKyQM3Bxb,[],[],0.004424
216,Fractal Amoeba #350,"{""name"":""æther"",""id"":""tz1XpFAeKEyiNf3GcyhwdPZHiJ8BuwK9APvX""}",ooQNvrKAsfCYbkYf8w5HjEV5t5QYvQB67GPEvPcRKKqNgGYezKC,[],[],0.004126
217,Fractal Amoeba #349,"{""name"":""æther"",""id"":""tz1XpFAeKEyiNf3GcyhwdPZHiJ8BuwK9APvX""}",onmj7FzYs3PnbgMeVrzvDpwgLZEL2G2R35Se9N7J9wJQdou7cU5,[],[],0.004131
218,Fractal Amoeba #348,"{""name"":""celadoor_fxhashA"",""id"":""tz1SR5dqLZLUTWVtRMEhE2hovoos2Gb7bmPh""}",oo31TvfFcjtYca4PzVSriYfrULLYZBr8sdRLoDacrJWDxxixSVB,[],[],0.004125
219,Fractal Amoeba #347,"{""name"":""Bullseye"",""id"":""tz1Rfd1m2ewicrZAR17T9fK3XBveMCeMPaeL""}",op2mEpvNK4j2Doxj53boMn1a3DcQsWs29awFJASYqbsH93yfP1w,[],[],0.004179
220,Fractal Amoeba #346,"{""name"":""Bullseye"",""id"":""tz1Rfd1m2ewicrZAR17T9fK3XBveMCeMPaeL""}",opTcZM3LSp7m1DJy7f92DvgW6fyGrMCJPGMaq1pnDDSDxNYqfix,[],[],0.004179
221,Fractal Amoeba #345,"{""name"":null,""id"":""tz1ikjv3H3Toym9kwBkZ4WYSg3UPSkqfvzj6""}",oogeBrXTfoi1YLaBDGhSga3M84GHcSPth2xsJ2jdZDEfixdKnNq,"[{""price"":2900000,""acceptedAt"":""2022-12-20T19:05:44.000Z""}]",[],0.004135
222,Fractal Amoeba #344,"{""name"":""famtez_v1"",""id"":""tz1corXrfedU71AZFPudxxYZasSSCGHefw2Y""}",ooeDCjce9D1XjnDuCE8wHNWx3ub9gjLyLuEjJH1DqggHvFdm4Nr,[],[],0.004428
223,Fractal Amoeba #343,"{""name"":""famtez_v1"",""id"":""tz1corXrfedU71AZFPudxxYZasSSCGHefw2Y""}",opGqZGAdK5fsztzjnhjJyqsJusyXptsVBQ1r6wdmkafi3LexW8K,[],[],0.004126
224,Fractal Amoeba #342,"{""name"":""rothdog"",""id"":""tz1aC5guqeYZgXsmY3BZVKWff2GMBZGoiPEV""}",opHSi7rvCAQ54VuBbGitcAfbpmDEAY4xVVx23oRpm2uApUNpHxM,[],[],0.004427
225,Fractal Amoeba #341,"{""name"":""famtez_v1"",""id"":""tz1corXrfedU71AZFPudxxYZasSSCGHefw2Y""}",ooDCALevLqAuiFgvHL3uhLqhzwp5jpcCofzqh8UwbpecATaPs6Z,[],[],0.004133
226,Fractal Amoeba #340,"{""name"":""Lenny Nero"",""id"":""tz2RXosjAZdS85oCrguy7Eom757144dcU1FT""}",opWTnr56Bprmx98BAAfvFXVag7xWLBhTBzSCc1oLuP2tPpfAJcE,[],[],0.004168
227,Fractal Amoeba #339,"{""name"":""vladby"",""id"":""tz1fgqyqxfWK3FSWbrb1KfH9257am4fZmsqb""}",opJWtZb9LYAGqo26G5p4841E3zs8MpWdzCz7uj9VMF7GpddYcV5,"[{""price"":3000000,""acceptedAt"":""2022-12-21T16:26:44.000Z""}]",[],0.004134
228,Fractal Amoeba #338,"{""name"":""CAT ART"",""id"":""tz1hmh4p8Zn7XMYG8EjXCajBuAf4YmxGkWLS""}",ooFVZdXUXbB9j7z86hmx2ftxE3GLRTDvft4sSBUnBiJUtHUwzQq,"[{""price"":8800000,""acceptedAt"":null}]",[],0.004429
229,Fractal Amoeba #337,"{""name"":""kenconsumer"",""id"":""tz1eDrzMfW4CK3d9vvU3VNz2AsKDptF6wd2D""}",onneTn4LQYVooUiLonSQMKrWFtgCoVoUNs4HNcCM8Y8c9p61tgr,[],[],0.004174
230,Fractal Amoeba #336,"{""name"":""miiVault"",""id"":""tz1MkNqnXnYb2Wc9VcUSfpbWcv7n7kMDMizS""}",oocP5bq6iMHgRqAJhC57Kr7R5LrNwPkefieX2G3j2svW2TgFf7B,[],[],0.004169
231,Fractal Amoeba #335,"{""name"":""miiVault"",""id"":""tz1MkNqnXnYb2Wc9VcUSfpbWcv7n7kMDMizS""}",onwXtLvvrt3hpDXVSiwQACxwVpAj4c4RLjLkQdgKBV6Jhj3DLrS,[],[],0.004169
232,Fractal Amoeba #334,"{""name"":""miiVault"",""id"":""tz1MkNqnXnYb2Wc9VcUSfpbWcv7n7kMDMizS""}",opHYu5tTmeETCZqMDEYvdmZS4bK8z53tRjjEtes38jE4fTTwLRz,[],[],0.004169
233,Fractal Amoeba #333,"{""name"":""I don't like tezos"",""id"":""tz1MD1G34XvbFTa4L6BDiw9XRuaAyxrGaHjT""}",opCxkVsniiaCRAkSmEG6SbzKFBryAFmamLMQ2Zyhu3MgxxZt1PF,[],[],0.004422
234,Fractal Amoeba #332,"{""name"":""I don't like tezos"",""id"":""tz1MD1G34XvbFTa4L6BDiw9XRuaAyxrGaHjT""}",ooS67UGjBCMTmbMG59BtTQCf6Pt6kqFj4UP5DQaGimyntov2hzj,[],[],0.004422
235,Fractal Amoeba #331,"{""name"":""ParkerDuo"",""id"":""tz297qbLn7c7KNiJtVtQGDi4QA4rxztbBK1E""}",oow87gWfzk1C9JMEsayrxsBAXwqsNqAK3Vnt6AQ9r76xS1MaDYq,"[{""price"":5000000,""acceptedAt"":null}]",[],0.004176
236,Fractal Amoeba #330,"{""name"":""chriswu"",""id"":""tz1USxn8h2yiZQaVZsN9A3sM8FFcLu2tavHL""}",ooe9CBR86SL4bLe8kuEe5xAdbvz8qtbF77L3P2ybm2HLJNxEbwi,[],[],0.004425
237,Fractal Amoeba #329,"{""name"":""chriswu"",""id"":""tz1USxn8h2yiZQaVZsN9A3sM8FFcLu2tavHL""}",oo1xydXbGzrJzbqWRoo8eJ47LvKyw7hAGcKaZ5ZiSF8PorTg3YS,[],[],0.00413
238,Fractal Amoeba #328,"{""name"":""chriswu"",""id"":""tz1USxn8h2yiZQaVZsN9A3sM8FFcLu2tavHL""}",op25KdQ43AzVCC8fqTDA7kHuJ31fqiW5eopQbdbwAVvESajm4gu,[],[],0.00413
239,Fractal Amoeba #327,"{""name"":""UpOnlyFan"",""id"":""tz1dW9QXydD28arnVXC4YZFLMEdQsJbrRnxM""}",onw81qf2x53FCQHxiXHTLQaAKEHwmCanG3wE9f6JSidH3htU1qr,[],[],0.004428
240,Fractal Amoeba #326,"{""name"":""T.DP"",""id"":""tz1cATgZf5oodR6vqafZhuYP3ymRChimkdWM""}",op4HdETSjiie4tGxwo9iSiM4pEXdeCeU8rs2Q8UXhugvUYRb5RR,[],[],0.004174
241,Fractal Amoeba #325,"{""name"":""T.DP"",""id"":""tz1cATgZf5oodR6vqafZhuYP3ymRChimkdWM""}",ooPhrftQMMmoLwnexowYu2L9JSSBANH8wUm552Xcw1A29woD7kJ,[],[],0.004174
242,Fractal Amoeba #324,"{""name"":null,""id"":""tz1ZGXXoygkxN2TSssqHQP9fRDsjZeeGcpZM""}",ootRwf7YxZdWf4yo4SpfECK4yNAW2n1UVVkzY7NU7SaAJTJh3Px,"[{""price"":11000000,""acceptedAt"":null}]",[],0.004427
243,Fractal Amoeba #323,"{""name"":null,""id"":""tz1bYHbPHD3KrhQGpiFuBsaJEHx1Hb7Z6uQ6""}",oonVpHA6UQY7ZcJFsMH8fn2CXo1Bhv484NGLw2h2aKjfKynbReJ,"[{""price"":4000000,""acceptedAt"":""2022-12-20T14:28:14.000Z""}]",[],0.004132
244,Fractal Amoeba #322,"{""name"":null,""id"":""tz1ZGXXoygkxN2TSssqHQP9fRDsjZeeGcpZM""}",opYuMYJHd7HQpdBV4mPX4syMA5KCTP7cUbvh9P7ecFrvr5xBcdL,"[{""price"":6000000,""acceptedAt"":null}]",[],0.004132
245,Fractal Amoeba #321,"{""name"":""Niwin.tez"",""id"":""tz1iKFhTL3qvMZyGKReP5N7E3YFqjkQnm6YC""}",onrJjifR6nhRd6tTS7xyag7R1wT2bJf7wMM7ohJ2sDJ5yCc1FrW,[],[],0.00443
246,Fractal Amoeba #320,"{""name"":""Niwin.tez"",""id"":""tz1iKFhTL3qvMZyGKReP5N7E3YFqjkQnm6YC""}",onxUKC1bDKzh6HwwdVYhMJ5FXeDuzWFiSfH8v4X8pyvGJSxoY1X,[],[],0.00443
247,Fractal Amoeba #319,"{""name"":""k0xrbi"",""id"":""tz1PfPAviF7iiSBptnyZbPLEjThenmxa6njG""}",oobKhewZT8tu4HKENvKBcjKzYKpit2td4mqdVG8Wc8fY1hLaN6u,"[{""price"":20000000,""acceptedAt"":null}]",[],0.00447
248,Fractal Amoeba #318,"{""name"":""mochio"",""id"":""tz2Abi9zmUnRRUAhMD7GgCiYhjH7eiHe4vVr""}",opaDJTF6vuiBZoAK3aLw6gwiBLAqPk3woMFuqTcxptSxAZ4Wd3r,[],[],0.004168
249,Fractal Amoeba #317,"{""name"":""k0xrbi"",""id"":""tz1PfPAviF7iiSBptnyZbPLEjThenmxa6njG""}",ooZwtSDCoqGrYBZAugDCD8y3ypYhSHmTg2B17PYQBgyzYwaWnzo,"[{""price"":6900000,""acceptedAt"":null}]",[],0.00447
250,Fractal Amoeba #316,"{""name"":""Niwin.tez"",""id"":""tz1iKFhTL3qvMZyGKReP5N7E3YFqjkQnm6YC""}",ooXeRgBiJ3e1DNmM8ggXCDxtMzXA74uvsVKsJGFuwjQCDwKgAiY,[],[],0.00443
251,Fractal Amoeba #315,"{""name"":""Niwin.tez"",""id"":""tz1iKFhTL3qvMZyGKReP5N7E3YFqjkQnm6YC""}",onoaz84wfM5hwdMSjTxv54FW6xeq1erGaqj8vNwKYGQz9YyxHzq,[],[],0.00443
252,Fractal Amoeba #314,"{""name"":""Sofie"",""id"":""tz1ShohUeWFkBBieUWRkKCB2QXk8Aiv1uR6M""}",ooG2CnYAzLXTmLxqVPpZvytq8ahpb3m4na2ZiaPEbx4DHBmmEzp,[],[],0.004466
253,Fractal Amoeba #313,"{""name"":""Niwin.tez"",""id"":""tz1iKFhTL3qvMZyGKReP5N7E3YFqjkQnm6YC""}",ooob6Xe16WkCEFQqMZFneCGh6gSYh7QSk73CMuJ1NK77S9hNSiS,[],[],0.00443
254,Fractal Amoeba #312,"{""name"":""Sofie"",""id"":""tz1ShohUeWFkBBieUWRkKCB2QXk8Aiv1uR6M""}",ooBWaduEUazVTZR2dpSioQCp1gLbbXpgF92VyBos4brTSyL79Sn,[],[],0.004466
255,Fractal Amoeba #311,"{""name"":""Sofie"",""id"":""tz1ShohUeWFkBBieUWRkKCB2QXk8Aiv1uR6M""}",op1R1soMXzBUNkBamzqukNS1mvuteqvYaEjbtqLN32mV8WXQHSu,[],[],0.004171
256,Fractal Amoeba #310,"{""name"":""ffcbr"",""id"":""tz2DiaXdcqpRUxv1fJoBbmwtq4Y91ujJhcJx""}",op7rQrB3WMHv2uBBbQVqAjV4Bdu78LaCkiEqsLEHmi5nmThLj4D,[],[],0.004477
257,Fractal Amoeba #309,"{""name"":""ffcbr"",""id"":""tz2DiaXdcqpRUxv1fJoBbmwtq4Y91ujJhcJx""}",oonmymEBPyMxfzqnX3XGPZGYQ7p6GMisNpiQmVAvbSnKW6eJSiX,[],[],0.004177
258,Fractal Amoeba #308,"{""name"":""ffcbr"",""id"":""tz2DiaXdcqpRUxv1fJoBbmwtq4Y91ujJhcJx""}",ooG3uzhZVKyxzpwP1BYH92fpwZhfx8neZFUHDVfB68C47Jbg51J,[],[],0.004177
259,Fractal Amoeba #307,"{""name"":""k0xrbi"",""id"":""tz1PfPAviF7iiSBptnyZbPLEjThenmxa6njG""}",ooDbpjWhJxAXJstN3vxLLEWKMyJYK1nP9y8dVFP4TRXi26on6YZ,"[{""price"":2880000,""acceptedAt"":""2022-12-21T16:27:14.000Z""}]",[],0.00447
260,Fractal Amoeba #306,"{""name"":""ReyArt88.tez"",""id"":""tz1iSjAt5KyBxWQh3T4Nc42ytUGUswG1EjBB""}",op43682uRh3qyZwuNyFdZX1vi3si5VxwCcT8F6k3bJw9ffGRsma,"[{""price"":3880000,""acceptedAt"":null}]",[],0.004471
261,Fractal Amoeba #305,"{""name"":""ReyArt88.tez"",""id"":""tz1iSjAt5KyBxWQh3T4Nc42ytUGUswG1EjBB""}",opQzvvaUAheTuxpUTd3ARivMvD6shQyw3WqaEJNSe8UKa25TJiT,"[{""price"":18880000,""acceptedAt"":null}]",[],0.004471
262,Fractal Amoeba #304,"{""name"":""k0xrbi"",""id"":""tz1PfPAviF7iiSBptnyZbPLEjThenmxa6njG""}",oofq9hrYsg4yp59nk9YxiGcitexE1J6DX7vrJ6etWavRandMCm3,[],[],0.00447
263,Fractal Amoeba #303,"{""name"":""Gin_"",""id"":""tz1gdtdRsFhQzXf3tMXtU8LZ75jPpDoo4WpQ""}",ooov5X7YSWLvVTGfPWcoCbTyDt5cR86N4ezS7zhNpMr6Gh8G9MK,[],[],0.004429
264,Fractal Amoeba #302,"{""name"":""ReyArt88.tez"",""id"":""tz1iSjAt5KyBxWQh3T4Nc42ytUGUswG1EjBB""}",onu9mn2qcw62mBBbcdQnaocD4GAgW5Vwi7zJxSekUUYXi4feigA,"[{""price"":88880000,""acceptedAt"":null}]",[],0.004471
265,Fractal Amoeba #301,"{""name"":""k0xrbi"",""id"":""tz1PfPAviF7iiSBptnyZbPLEjThenmxa6njG""}",oo8rJN51VLHV9SUfs5npXdsRcPGeFuDkskTtmf9C3x746SnZK3u,"[{""price"":8000000,""acceptedAt"":null}]",[],0.00447
266,Fractal Amoeba #300,"{""name"":""k0xrbi"",""id"":""tz1PfPAviF7iiSBptnyZbPLEjThenmxa6njG""}",onmGdCsWXD3S13VdbBovZH8BGnDsTEWciBW5gzLK6tMrEuvZ7vz,"[{""price"":3000000,""acceptedAt"":""2022-12-20T19:08:14.000Z""}]",[],0.00447
267,Fractal Amoeba #299,"{""name"":""ReyArt88.tez"",""id"":""tz1iSjAt5KyBxWQh3T4Nc42ytUGUswG1EjBB""}",ooKuQDco2NDqstvr5VBHtvFcqHoFRqU9aGAnyYoKQqD3gMEYqfL,"[{""price"":5880000,""acceptedAt"":null}]",[],0.00443
268,Fractal Amoeba #298,"{""name"":""k0xrbi"",""id"":""tz1PfPAviF7iiSBptnyZbPLEjThenmxa6njG""}",ooFBSdWaMoUU3H6vwxa94LvVXy61bxcobTeuCohzLiyF4Q5BJcK,"[{""price"":4000000,""acceptedAt"":null}]",[],0.004166
269,Fractal Amoeba #297,"{""name"":""Niwin.tez"",""id"":""tz1iKFhTL3qvMZyGKReP5N7E3YFqjkQnm6YC""}",ooswS9NfhGUdm2by7aKqeVP7fU9LrJeNVigAk1d1Rmg7W5zMpti,[],[],0.00443
270,Fractal Amoeba #296,"{""name"":""Marza"",""id"":""tz1aoPeHVeYksbroT7w2eCRPu2Dg6FFvXCjV""}",opR2csFoB8R1WS8fqfhuSYqqYnmYRC9xZgmUmEeaEhn1EbSytbG,[],[],0.004427
271,Fractal Amoeba #295,"{""name"":""Niwin.tez"",""id"":""tz1iKFhTL3qvMZyGKReP5N7E3YFqjkQnm6YC""}",oo4rGiqaeozWkh1m2xHqGJoPWnUz7DXnwdMyFb8pLz7idLjaW9V,[],[],0.004126
272,Fractal Amoeba #294,"{""name"":""takawo"",""id"":""tz2FY2Yms9aefv4SyLVgpCRecX8ZzKas1A6P""}",ooqAnFLG3JU8fT79AsCRhv7pArctdeHqoj42FW6cy3K7nvdXskx,[],[],0.004478
273,Fractal Amoeba #293,"{""name"":""Niwin.tez"",""id"":""tz1iKFhTL3qvMZyGKReP5N7E3YFqjkQnm6YC""}",onqhgc5aByARedD9NtVYnDdjE6y75zogkuMsUSGPrHmEw7TyiCZ,[],[],0.004126
274,Fractal Amoeba #292,"{""name"":""whitekross"",""id"":""tz2CeapCYrWMZ7jSruo7KJevabwboqHjiwsQ""}",opXcLRSKZzcLUURZRbD4MK2BADq8eh8vN8vPyhTDXKgizFffztC,[],[],0.004478
275,Fractal Amoeba #291,"{""name"":""Niwin.tez"",""id"":""tz1iKFhTL3qvMZyGKReP5N7E3YFqjkQnm6YC""}",ooKYo3tSFNLGJTUuwVaq6XGppG67JwRYn2qKvs8hkdgQ25ShzFp,[],[],0.004126
276,Fractal Amoeba #290,"{""name"":""Niwin.tez"",""id"":""tz1iKFhTL3qvMZyGKReP5N7E3YFqjkQnm6YC""}",ooeMRQ6W9DnNga5r4L7tfFJhLvqzaquASqx9s9rjBPeWa2ma5au,[],[],0.004126
277,Fractal Amoeba #289,"{""name"":""clod"",""id"":""tz1LWETrCgEunMm6Md5Q7sbCDCecSm53xoFT""}",onzSv92P46utM8aZwQ6UuN96ZiLeAydngH4231TZauHD3QgRGFG,[],[],0.004166
278,Fractal Amoeba #288,"{""name"":""DistCollective"",""id"":""tz1aNZttacWt7Q2kmvDnLjXkxC27MnigTZtV""}",ooapsVPs1hnZYbERmAGcdYgyFY7yqC74yS8XBpxMfAkC2z49JR3,"[{""price"":5000000,""acceptedAt"":null}]",[],0.004474
279,Fractal Amoeba #287,"{""name"":""DistCollective"",""id"":""tz1aNZttacWt7Q2kmvDnLjXkxC27MnigTZtV""}",ooS54Rm5dXrk6eDMmCnDdef7p9Mw2dz48cveJkLHnW8QzAAuF7r,[],[],0.004173
280,Fractal Amoeba #286,"{""name"":""nicolus3"",""id"":""tz1c9BiA1vN6davAYJbwn89714Bf4LEQHnLz""}",opCNxk8YGneh9syqQqm6dYFtyh2sKe8ipVaNAQ2h3tBsfi56o5f,"[{""price"":1990000,""acceptedAt"":null}]",[],0.004174
281,Fractal Amoeba #285,"{""name"":""DistCollective"",""id"":""tz1aNZttacWt7Q2kmvDnLjXkxC27MnigTZtV""}",opUW8vR8PS7GfphLEfq724gvx4mJ5sRf633fnstzXWPPsRPZvXj,"[{""price"":3000000,""acceptedAt"":""2022-12-20T18:39:14.000Z""}]",[],0.004173
282,Fractal Amoeba #284,"{""name"":""Jak_vault"",""id"":""tz1Z7QsjQSMeoQdDZ4CeZRbY1hWZb2FXwpYH""}",opWd7PgZ2WCbVxcmcBbRxzRpeMYNCX3wheyPVQ9Hwo7NiQKFam3,[],[],0.004427
283,Fractal Amoeba #283,"{""name"":""jaccsum"",""id"":""tz2AtcLpAs6RPY6R4aGPgqUXiCiWBfdBChpY""}",ooww7xCeFLXsqhUZz5WBCrEeefmTsZkenKtCWxdvA9FAURpTfxr,[],[],0.004176
284,Fractal Amoeba #282,"{""name"":""nicolus3"",""id"":""tz1c9BiA1vN6davAYJbwn89714Bf4LEQHnLz""}",onipBHv2M66MuGNFBeFa5ojFcEwaB6tZ1hhANRNYpnSxHKL9JmA,"[{""price"":2800000,""acceptedAt"":""2022-12-21T04:42:44.000Z""}]",[],0.004174
285,Fractal Amoeba #281,"{""name"":""nicolus3"",""id"":""tz1c9BiA1vN6davAYJbwn89714Bf4LEQHnLz""}",oov3NiiJ99MRahN5kCpfa7QGWMUjn3SfvQ5XJ4mhrUP2vBZAuKb,"[{""price"":3000000,""acceptedAt"":null},{""price"":2340000,""acceptedAt"":""2022-12-20T18:31:44.000Z""}]",[],0.004174
286,Fractal Amoeba #280,"{""name"":""jaccsum"",""id"":""tz2AtcLpAs6RPY6R4aGPgqUXiCiWBfdBChpY""}",opBjpwWFPwEMopVFfSd7vUECtkD1SoxwgcCd63JhHpFu3tsdXNH,[],[],0.004176
287,Fractal Amoeba #279,"{""name"":""X Mystic"",""id"":""tz1gGJjKDtQgYKhS8YRQTpc79qoMYdphrvWz""}",oo1qBFdhGcgModPpMq2NhcTDidgD3gQxPqCh8V9QAeXQkcWPPCd,[],[],0.004099
288,Fractal Amoeba #278,"{""name"":""Whitesper"",""id"":""tz1itFrfW314QmKFMVTRjpxzno7fM3CyDE7w""}",oox9Neag9KxJQ89X65C1Lzm8EoQ6PsKYd8n25D2HSAQtbpiPMta,[],[],0.0041
289,Fractal Amoeba #277,"{""name"":""Telething"",""id"":""tz1Wb93KcgVsXyXm5mskYQpwR7E3Hy6j9fw6""}",opTubsuCPtdz4oYC4xJHfRdKRRVAywKdf1nGTNcTA58gkLeMU2f,[],[],0.004096
290,Fractal Amoeba #276,"{""name"":""Zending"",""id"":""tz1MjVpwLbXZuHyNS8oXF37AdkyRS4eGvx4p""}",ooUUuHi4mB7d7n3AYdUEQhnNcR8hXfMQfJCzgCzXm3U7cvb6S1R,[],[],0.004093
291,Fractal Amoeba #275,"{""name"":""Universal Man"",""id"":""tz1fCnnFVkmD44ivvL8gxGjH5ZbEdrJoNUh1""}",onij3nsA4Vd2G2sZ36BLJqnH5ag3pGEQLj2LdxRwSDHjhNbiL69,[],[],0.004099
292,Fractal Amoeba #274,"{""name"":""Yallstar"",""id"":""tz1cJ3X4w7ULm5tvG3aFpNgte2bE4aSzLrQJ""}",oow9VEFYL1CUKkDHSJNSyQGn8yfgJL7E9Yvvmpnfd7r2mbqNG6x,[],[],0.004098
293,Fractal Amoeba #273,"{""name"":""Victorian"",""id"":""tz1RrB92mmWGgc2ioRX9gN2EgeCFsZ7bzxVD""}",ooXB1cmkpUd1MKCsoiM2je6ywTq2W97CdTDJ4xGDLVzYLNQGyB3,[],[],0.004095
294,Fractal Amoeba #272,"{""name"":""Soulute"",""id"":""tz1YKXkXK8aXxNPkFyuQUeLnmQw8PGBdFWsB""}",oo4D7whShxTUfu2AYsRXJZNdD9FdHKMd4NsBxgRgEtscaHavqUY,[],[],0.004097
295,Fractal Amoeba #271,"{""name"":null,""id"":""tz1MCi2heQtHqfHMttiWSZUgL1sVUbdEzZpH""}",ooRAtNC5HRLeYMLfjcXN1hjK1b9YZoW7ArkfjPniTncCzTN4rbX,[],[],0.004422
296,Fractal Amoeba #270,"{""name"":""XALTED"",""id"":""tz1f4imKZTYTJ98bWukhSfXnki87LgV3xEAA""}",op6dY8Qbib1RJ4wQJxp12H1WDPLqiRq8PsxtAGqvewK2zWZiWYC,[],[],0.004429
297,Fractal Amoeba #269,"{""name"":""Newyellow"",""id"":""tz1RPZp6NLzn7x4g7jhqHtCkhCQVnhbVMj8y""}",onvasXt6Lmx91rn3PN1CUSMeWqgjku8yqZhXAcGQckn21ePqFaG,[],[],0.004129
298,Fractal Amoeba #268,"{""name"":""King's Dream"",""id"":""tz1is612Mf2PotkCyYBdMWyqou4yjioeDRsN""}",oovLRsaaTeuLUhTKFs8Zy5mfiBdpeeRZDEpqWBER4R1Ti7cFQs2,[],[],0.0041
299,Fractal Amoeba #267,"{""name"":""Elité \fCollëcTor"",""id"":""tz1ayN7yqxkfkJg77JRHCShZnH674Ghth8Dv""}",opQHF3ouuF3CYQwiTRqceLCVUwy391BouE4SwL2SghZMb1Jbw8G,[],[],0.004097
300,Fractal Amoeba #266,"{""name"":""Oopster"",""id"":""tz1fxr1XQmwH5Lg22ttbQDK6o3uZfjiLP5pp""}",onxR5UWj4FpZbUWuGUCyNGDvGk5KLNTTn3tgy5V1Nh95cRoMZ31,[],[],0.004099
301,Fractal Amoeba #265,"{""name"":""Dyamônd"",""id"":""tz1iRPsFuwTNngmPyc6A71Edx3X9WrnkncRM""}",oocDhjEypbLmE8sFwB3ugg8MwjEwDrJdLnthFFyx6B4kywRt6Ee,[],[],0.0041
302,Fractal Amoeba #264,"{""name"":""Bïnarÿ Impaçt"",""id"":""tz1aV4ehUsCtnvmnQ2y82kwRiQsPaQ4LnLpc""}",ooVwM5EfRsm2ABUXzP9ajX7cZHUSKCrZ8yeA4kXAADuciiHUc9n,[],[],0.004097
303,Fractal Amoeba #263,"{""name"":""Moonthalit"",""id"":""tz1fwrcgNy6FGoAkrQQWsAH4ZqTdxCQ7mQuB""}",onvNMmh67kv1hjx4gqND6qY31xRy7C537fCCfFSaZN5VQL5ZhXm,[],[],0.004099
304,Fractal Amoeba #262,"{""name"":""Newhuman"",""id"":""tz1MRnKKi25ynVZVXrFNY3VAzRQ3k5reA6Mz""}",opDLoDY3FaaWngtkvW2UrvRSLDJx3VPqEZzG9YghxsSus2iALHC,[],[],0.004093
305,Fractal Amoeba #261,"{""name"":""Isreal"",""id"":""tz1i4aKHFFhFzKuqCFdvdZmRwaWihFzdsWD4""}",ooqJcpn1YoNhSv1KzMCTHkjpg5PfxbbFBsv34u7q8CAiZ8izCs8,[],[],0.0041
306,Fractal Amoeba #260,"{""name"":""Purenism"",""id"":""tz1M9rTkX2qdqHDT7NWYB6ZdpdFwTNwyGx43""}",ookoFGVkFX7oCKHppmbELd8Hf5vbAw9U9Rk7Nj6TKqh67ZHF2Sn,[],[],0.004093
307,Fractal Amoeba #259,"{""name"":""Juiler"",""id"":""tz1hQxpijjx1k2vgAT2VCKCgrYZ8U4msQmaA""}",ooyAngMNMUvgwxBLST5xPcXySoM4U3jLdwjZEPMBvZog51PCKYY,[],[],0.0041
308,Fractal Amoeba #258,"{""name"":""Resister"",""id"":""tz1VYQgjhkTiX6csREJUFHtZ7MvQBefDcUpy""}",ooD4R9iyPANFasnuXmp5Z3oMXs3XQVwg2EufudXVkLNT8YScB4z,[],[],0.004096
309,Fractal Amoeba #257,"{""name"":""Quamtum"",""id"":""tz1La714PHzsLsZ9k1qvUjysw5w6RMy3hzrm""}",opGvNY4N2shLqVYCyeSBaZfteL3BPSxerLEiFiKDJ6HgmJBB68r,[],[],0.004093
310,Fractal Amoeba #256,"{""name"":""Fragile"",""id"":""tz1NzmiwSrfW9Nbtdqf5U5EApR9RmADrTRQR""}",onmHA5Bgi1MooR47ioQiQ8aatU45dQ4vkKwXybBhQsiuLqXedKF,[],[],0.004094
311,Fractal Amoeba #255,"{""name"":""Cätlism"",""id"":""tz1NjXLdWjtQfGRzshLoViTiEN7JfM5ivVW5""}",oo6DEyX4DMBq7BwZzbY4htjhc6F9YNPBAHogfMD5MAeuJwQox3K,[],[],0.004094
312,Fractal Amoeba #254,"{""name"":""Heydegger"",""id"":""tz1RvfjGDmaRw1DypdENxzmKHk6fxTW1oUbg""}",op8PfZ5NFxkfSmnNFB5HxoReDV17pqmjS4RdMWY7dNGAi7mv8tN,[],[],0.004095
313,Fractal Amoeba #253,"{""name"":""Aggragator"",""id"":""tz1NP8vKFGwFFB6M5UCiH7dcSn2DB7u1XUAC""}",opAD3znJ1f4q6xdoYdBZZYsG1qYQ2FFTSQDkTx4eafB7FMxSMxN,[],[],0.004094
314,Fractal Amoeba #252,"{""name"":""Lonely Planet"",""id"":""tz1NJtxgrp2udDF2dhH4pzXM5V2cHqX6zizm""}",ooNNqrrHGU6AYwcVEfdGm5iR7yMq8ZYB6X2hXMkPtbVfusjETwP,[],[],0.004094
315,Fractal Amoeba #251,"{""name"":""Gangger"",""id"":""tz1RSBNeyVd11L2e7cmAgae844t8ZDTabe1v""}",oonB3key7KagaCWzVLg4PZghYnhizcqKEZZrw2AaY9KLPs24qSp,[],[],0.004095
316,Fractal Amoeba #250,"{""name"":null,""id"":""tz1MCi2heQtHqfHMttiWSZUgL1sVUbdEzZpH""}",ooAcBLDiPhC6uG62kmwSaK3dKmQtKifF3oZdH6RN22JMhmLseaT,[],[],0.004423
317,Fractal Amoeba #249,"{""name"":""doktorkrabba"",""id"":""tz2NuePibaK66XFiVLPpcHDiG11dNd8PybFn""}",opH81zDWujPLYcipfUamPBVeYgbeDqjYcDCkNmt5gPHPL6PbMnZ,[],[],0.004177
318,Fractal Amoeba #248,"{""name"":""doktorkrabba"",""id"":""tz2NuePibaK66XFiVLPpcHDiG11dNd8PybFn""}",onn2BC3wRnbiGbesj53mXqW6bB3tnkronoBpmHAuAVickJC1JKo,[],[],0.004177
319,Fractal Amoeba #247,"{""name"":null,""id"":""tz1L6H2gCFDdkNTZDcXmwrkxE83d2HgPMP2J""}",ontxGMXDdDXv4v8rTQSzXVWuVkeZcWdmBx5ALWhNpquNGQQKrfm,[],[],0.004128
320,Fractal Amoeba #246,"{""name"":null,""id"":""tz1L6H2gCFDdkNTZDcXmwrkxE83d2HgPMP2J""}",onfr99RQz86JxgycJ8ZaJYozRtAigvtW9fWgnFDQ7KZYNU9rEdg,[],[],0.004128
321,Fractal Amoeba #245,"{""name"":""010203040506070809.tez"",""id"":""tz1dQWuaRh9GuMyxrx67Ji7EMxMBY5A2y17o""}",opFd1W8PmdYnyX8DWKLAc8A49X2Du72bPdm7Ao3Z2XhBiuPnMww,[],[],0.004133
322,Fractal Amoeba #244,"{""name"":""EASports"",""id"":""tz1MgpiDP6N6hgvE5yUBP9vmZ6aEVVpvP5AQ""}",oogbXuZWaanRmA1ou9n5fPTZxKQAiaisPxLAYq6yN93ohiBdrpg,[],[],0.004423
323,Fractal Amoeba #243,"{""name"":""wahrscheinlich"",""id"":""tz1N8aumRsypoeiXUn19xtp2sYMiYDQvpgrX""}",oneJh4UrdFeUn6wxsj5ZGvh3u1kvPu5wMTQwyLbZ9i6KEqi9NRW,[],[],0.004423
324,Fractal Amoeba #242,"{""name"":""Etsuran"",""id"":""tz1WHsvfQ9LZ48dNAyZW41ZaTR8VCQ6jSyyc""}",op4cjaSoEN7u4LXA6u2118b8ym5tQDD28DhdoNLzMweTNP5uymo,[],[],0.004426
325,Fractal Amoeba #241,"{""name"":""prutuxfx"",""id"":""tz1cYMCptJt4TkumvcesgbfUD8rrfAND9aDB""}",opMQscuCPHwUnTH8GRqbpUbENPn7JPHQAUTiEA5nudPLtp8REiU,[],[],0.004516
326,Fractal Amoeba #240,"{""name"":""wahrscheinlich"",""id"":""tz1N8aumRsypoeiXUn19xtp2sYMiYDQvpgrX""}",oogK17kdbrGYxZS5Q7Liv3ZJuPA4GdV7CtJFobi2ER5iUYtHwW5,[],[],0.004129
327,Fractal Amoeba #239,"{""name"":""mEYEndsI"",""id"":""tz1PaRsvHbYqW82KfH5YSVHuZmZRpJag1Xyg""}",opMp7dEgAWBWxN9Vrk3MNtLfdnCeNsscM6JMFETEsw3fhivfn1Q,"[{""price"":6900000,""acceptedAt"":""2022-12-21T23:59:44.000Z""}]",[],0.004129
328,Fractal Amoeba #238,"{""name"":""wahrscheinlich"",""id"":""tz1N8aumRsypoeiXUn19xtp2sYMiYDQvpgrX""}",ooMkotHLJrkbG8Ayud2mvEHfuKnaa5fFrkkQhGsSLS9sFvuLqWn,[],[],0.004129
329,Fractal Amoeba #237,"{""name"":""pgeek"",""id"":""tz1LnDtxAszoXCZKsZBm9LgLa6hnTJe6tSQF""}",oobR7ABDe6P8w3dd9fMWfEHvgtVy7yoUFSByyEm1ZAwbbKX6bBo,"[{""price"":1000000,""acceptedAt"":""2023-01-01T12:18:59.000Z""},{""price"":4000000,""acceptedAt"":null}]",[],0.004422
330,Fractal Amoeba #236,"{""name"":""wahrscheinlich"",""id"":""tz1N8aumRsypoeiXUn19xtp2sYMiYDQvpgrX""}",onzXQSfEKo8x8jtqBaHffCUBDVcvQseSG6URQqBTNDhzf749kLV,[],[],0.004129
331,Fractal Amoeba #235,"{""name"":""pgeek"",""id"":""tz1LnDtxAszoXCZKsZBm9LgLa6hnTJe6tSQF""}",ooUFL9f9Vor6puBimYgyiBm9thVTjA14hTsYA8MSzTpzVc8JU7P,"[{""price"":1700000,""acceptedAt"":""2023-01-03T12:08:59.000Z""}]",[],0.004422
332,Fractal Amoeba #234,"{""name"":""Etsuran"",""id"":""tz1WHsvfQ9LZ48dNAyZW41ZaTR8VCQ6jSyyc""}",opMLpP3GFaQjjRCfuJJ2xmgFb1Zjyotoy38iWQLRVVK1YNxG5ci,[],[],0.004131
333,Fractal Amoeba #233,"{""name"":""Parany"",""id"":""tz1g2ijUorRgK4nzdGLGXCyBXuG2SFLXuHPZ""}",oovJgPEtLJpzGBF6eTjHBypoknxsewbng5SYP1eAg49Z7NM9vVw,[],[],0.004134
334,Fractal Amoeba #232,"{""name"":""Arthur Black"",""id"":""tz1RT94jREafiHzgtmkKbiVnDynriUYEi62D""}",ooceLeY32WgAKuW7smPbqcwtFvFX4C2tS1Q4QZkQ7kDqQwTzoGJ,[],[],0.00413
335,Fractal Amoeba #231,"{""name"":""InProgress"",""id"":""tz1dh7NF5TYwV7om7pg5FTkHoQeJcuo9b9yN""}",op5zKJqP4z5QmpzyCvNmuiPKZdWmdySob6LproqM1nus2DLURoU,[],[],0.004133
336,Fractal Amoeba #230,"{""name"":""r.rodkin"",""id"":""tz1aiYi2RXc2xCpNwnAixWtVSwHKXzGU8SEn""}",opX1dsbNQMPQx1wyN9T6n7EdgVXWrDRW5J847ctVygDy7ETmz3F,[],[],0.004173
337,Fractal Amoeba #229,"{""name"":""InProgress"",""id"":""tz1dh7NF5TYwV7om7pg5FTkHoQeJcuo9b9yN""}",onx9XAAqDtMjkSJ9xng6XvozApNzYS52hczyJJq4YvrkdeWu2rX,[],[],0.004133
338,Fractal Amoeba #228,"{""name"":""Inglide"",""id"":""tz1UvsQnsBr1HzeECqGFi98KJQ9VAEVE9rEz""}",ooJpKf2yixQ8cgnmiygUdK9S5CJMKzkQns1x7YPnrZ4nabRC7nB,[],[],0.004131
339,Fractal Amoeba #227,"{""name"":""Arthur Black"",""id"":""tz1RT94jREafiHzgtmkKbiVnDynriUYEi62D""}",ootheftShbuGrK4NeHVyxXpmTWepYNkrbNQn74c1Fy14VFFf74T,[],[],0.00413
340,Fractal Amoeba #226,"{""name"":""InProgress"",""id"":""tz1dh7NF5TYwV7om7pg5FTkHoQeJcuo9b9yN""}",opL9xguzXmdz7KrrbQMfCbV7veoc9FjL5KtEfAH7NK3n8gjb1Ui,[],[],0.004133
341,Fractal Amoeba #225,"{""name"":""Inglide"",""id"":""tz1UvsQnsBr1HzeECqGFi98KJQ9VAEVE9rEz""}",oo18WrZgBhUQyLSnT3W9yFBLspGDt4hXMQ2Cu41jtahcHryLDsP,[],[],0.004131
342,Fractal Amoeba #224,"{""name"":""Arthur Black"",""id"":""tz1RT94jREafiHzgtmkKbiVnDynriUYEi62D""}",oo9gFk7AfGxwWjZssBk4cLsEyh3hNLN4jvZeBF44fHwY8t5wc83,[],[],0.00413
343,Fractal Amoeba #223,"{""name"":""Arthur Black"",""id"":""tz1RT94jREafiHzgtmkKbiVnDynriUYEi62D""}",onvgxQVhbsUSMpUxK4sfBN1bpYsLhGYFSQS6HMm9Ybv6QdRxHst,[],[],0.00413
344,Fractal Amoeba #222,"{""name"":""nicolus3"",""id"":""tz1c9BiA1vN6davAYJbwn89714Bf4LEQHnLz""}",oo8dnCBXgtMQbsQmp5t7fJGgt9oVcUfafGu3BYrkF5NQUsQyGBZ,"[{""price"":2800000,""acceptedAt"":""2022-12-20T23:02:29.000Z""}]",[],0.004174
345,Fractal Amoeba #221,"{""name"":""CollectionFX"",""id"":""tz1gim2EQo2ctxGnd1KY2DGAdwMDSaVif284""}",onr5jbnZ6PJptXKATvhLxP2p4mMmkTDK4cXWdK3PjGnYF31nkHs,[],[],0.004135
346,Fractal Amoeba #220,"{""name"":""Arthur Black"",""id"":""tz1RT94jREafiHzgtmkKbiVnDynriUYEi62D""}",oompJWhNQpXgBm9qUYWzp4PFPMN3Hkj3YY813VhW7FDmBcRtmLF,[],[],0.00413
347,Fractal Amoeba #219,"{""name"":""chaiseghost"",""id"":""tz1a13TNm4dTTJxJhoK9VscovjAgjwhPpK6S""}",onnfdQiHtTU97eD2nH6aS1ps1oZ7VJaoiDj9t2kdcVp3zdoS4jx,[],[],0.004427
348,Fractal Amoeba #218,"{""name"":""morella.tez"",""id"":""tz1aFfmuhUhV2tauyVbSJNMAt69mCgzoFYgN""}",opChkpbvq6gnjRvMc8Dh9BxzpMVHKecmyzwPHTGmehsiqfvoJSY,[],[],0.004132
349,Fractal Amoeba #217,"{""name"":""chankfonts"",""id"":""tz2WDNLcFJpWUtvdMhRQy3d8zv9TcjjDjnUV""}",onj96LHZ1gpivJym2adv9xUt9vNTz9ZmB1tMWmJRSsrTaRStSf9,[],[],0.004177
350,Fractal Amoeba #216,"{""name"":""kylo.tez"",""id"":""tz1XjbEZZU13QPWnpPYQvSvf691TDcF7YQx4""}",op1WTrHqxFwBowwLVecedspURd6PC78QTJhfYZJ44Ccrc93FJM9,[],[],0.004426
351,Fractal Amoeba #215,"{""name"":""chankfonts"",""id"":""tz2WDNLcFJpWUtvdMhRQy3d8zv9TcjjDjnUV""}",opP2D28EDK5f4FYRagkxvyiTFJD6gRbAYNQzEHjWqPd4dKoWtog,"[{""price"":2000000,""acceptedAt"":null}]",[],0.004177
352,Fractal Amoeba #214,"{""name"":""Ron Harpa"",""id"":""tz2FaPzYZ2ZRm5EAskxJ3PHnwun7LNeUMW8i""}",oo2m67NGk4Mtrayt6LHdBWAMGuCtVB5egbN9JmHMVgv1jKsmUsW,[],[],0.004177
353,Fractal Amoeba #213,"{""name"":""Titito.tez"",""id"":""tz1W3ocxM4cz27USBQGsthccT8rENDkzvmv1""}",opAfb6gmh3gkMDX3nf9cAcxAyRPNY7jdsoK1JwEYcdTzNQAroVt,[],[],0.004172
354,Fractal Amoeba #212,"{""name"":""Titito.tez"",""id"":""tz1W3ocxM4cz27USBQGsthccT8rENDkzvmv1""}",ooHnYTeohwwa5geuyHu2NvcPtKvgubZbmBHt6ay6zJpTPdRPbzj,[],[],0.004172
355,Fractal Amoeba #211,"{""name"":""pgeek"",""id"":""tz1LnDtxAszoXCZKsZBm9LgLa6hnTJe6tSQF""}",oojfkaPGUZZY7DxUpcrBZTwxMVxgnvS4mV1ZjPLNo7WFG6aZ1z6,"[{""price"":2000000,""acceptedAt"":""2022-12-20T19:10:14.000Z""}]",[],0.004422
356,Fractal Amoeba #210,"{""name"":""Titito.tez"",""id"":""tz1W3ocxM4cz27USBQGsthccT8rENDkzvmv1""}",oovcdE4qp5iK1DTy3WabDpoDPeAaCM9Vddk9LWagBEvU9pCUzsH,[],[],0.004172
357,Fractal Amoeba #209,"{""name"":""fxbetaalpha"",""id"":""tz1ckc36i5qS4imnPfjybgk3aTzJhEMjPnDu""}",onsHaA8Uz9yhjabjPh7KNAHVz8Paam3ESgJ2aNqZMkaDUBv3QPo,[],[],0.004428
358,Fractal Amoeba #208,"{""name"":""Gin_"",""id"":""tz1gdtdRsFhQzXf3tMXtU8LZ75jPpDoo4WpQ""}",opEFV4jFpePAqVnirwMx73PTy4JPUy5gcLXDomrF7FQErhthsHr,[],[],0.004429
359,Fractal Amoeba #207,"{""name"":""fxbetaalpha"",""id"":""tz1ckc36i5qS4imnPfjybgk3aTzJhEMjPnDu""}",onkWJc7F1RjvBB9KtRZFsdTuGHFoiEVGFKt6ZsYrzUqbC7p5Rs4,[],[],0.004428
360,Fractal Amoeba #206,"{""name"":""Titito.tez"",""id"":""tz1W3ocxM4cz27USBQGsthccT8rENDkzvmv1""}",onkfUNabSwa1nncnHwzeg69EZTqCqkz76KHS8n82miawJ3DmS17,[],[],0.004172
361,Fractal Amoeba #205,"{""name"":null,""id"":""tz1fRpc3mfFjHmpJuyA48kESJkpgN6axNrQL""}",op8idDCrbUHPvhQ8JXfgwxUJmJpkyXNwHerHWXn2pknxWY5ZWMd,"[{""price"":3000000,""acceptedAt"":""2022-12-22T15:33:14.000Z""}]",[],0.004188
362,Fractal Amoeba #204,"{""name"":""fxbetaalpha"",""id"":""tz1ckc36i5qS4imnPfjybgk3aTzJhEMjPnDu""}",onp3G84M4urv6svufJK7wWdjDg8jYgKDvGDGhkciUKMzaTUZwni,[],[],0.004428
363,Fractal Amoeba #203,"{""name"":""Gin_"",""id"":""tz1gdtdRsFhQzXf3tMXtU8LZ75jPpDoo4WpQ""}",ooQ116EtHmgvkNQeVvZkZt9tv3bjUMSyJJrs26doW8ND8m3znQZ,[],[],0.004429
364,Fractal Amoeba #202,"{""name"":""hereforthis.tez"",""id"":""tz1hk9DcELXzt24jK6Dh3RkFkZHsQ95Jzaas""}",ooT3uh1F139KtrtQpf2VBV28Wbmf7Yvyf4ChV95WrfbUhkzXBAz,[],[],0.004135
365,Fractal Amoeba #201,"{""name"":""fxbetaalpha"",""id"":""tz1ckc36i5qS4imnPfjybgk3aTzJhEMjPnDu""}",opGMR4w2Y2tQxdd4e9o6fymRMdS2oZVWG3Pi2ZxBBq7KMfUW9wy,[],[],0.004428
366,Fractal Amoeba #200,"{""name"":""pgeek"",""id"":""tz1LnDtxAszoXCZKsZBm9LgLa6hnTJe6tSQF""}",onjHEYJA3LAaVfqZtou9tG2goe9uosCnkeS7TGkv9MSm8V1r6xi,"[{""price"":3000000,""acceptedAt"":null}]",[],0.004422
367,Fractal Amoeba #199,"{""name"":""Théo"",""id"":""tz1T3St54TYhfvjYhaHRwtraMXsvQfysYCWi""}",ooAdMqruWtXSSFa3B6QoLVFwFbHkd5qxsq2rjRSEUqNXy6tEhB6,[],[],0.004425
368,Fractal Amoeba #198,"{""name"":""Théo"",""id"":""tz1T3St54TYhfvjYhaHRwtraMXsvQfysYCWi""}",onjTwM1ZFhoC6vSqu66xywbnFSgmCGDgGuEu9asDKU5aSWdYh5i,[],[],0.004125
369,Fractal Amoeba #197,"{""name"":""Théo"",""id"":""tz1T3St54TYhfvjYhaHRwtraMXsvQfysYCWi""}",onxPbWmymE85nyx8zJ7HkjJ9qDk99pdkzPHbJty1hYNh8HKoD3N,[],[],0.00413
370,Fractal Amoeba #196,"{""name"":null,""id"":""tz2Ssjeqa1AmHLt37DezikwkEZR8J772Zomc""}",ooR7t3QrBHuSavgH2F3mxqQ3Hp11GEyEqdzyTMsbWMDN9w4Vhwi,[],[],0.004478
371,Fractal Amoeba #195,"{""name"":null,""id"":""tz1UDEV4RAYqjRCHKQD72Z2WjfyChmXECRNB""}",oopDQ9bZDZu7rLb9sHjMz6rgJyz2URaeUFHhpp5jwY6gMURaevY,[],[],0.004131
372,Fractal Amoeba #194,"{""name"":""fxbetaalpha"",""id"":""tz1ckc36i5qS4imnPfjybgk3aTzJhEMjPnDu""}",ooMdSAJPQneTACFsaZNDBS3farqVRrWpd9iuDfkJo5QpMHzPpwe,[],[],0.004126
373,Fractal Amoeba #193,"{""name"":""powlozzi"",""id"":""tz1PSt5Sc8xXGKZxC7UGbp64UevSWnVMrojC""}",onhLtFQ1F8AZhzucPtSXTMXPrt7FEXWTHf8LZSPfC7RkDfoRDdF,[],[],0.004425
374,Fractal Amoeba #192,"{""name"":""powlozzi"",""id"":""tz1PSt5Sc8xXGKZxC7UGbp64UevSWnVMrojC""}",opQCVWNvBGW6DAD1MXQcaF1du71YJ2snDbHxEmW7gsXe4jFgZGU,[],[],0.004425
375,Fractal Amoeba #191,"{""name"":""powlozzi"",""id"":""tz1PSt5Sc8xXGKZxC7UGbp64UevSWnVMrojC""}",ooXYTqc8rjsva2jJiCzPKRszmbqP9J7Ka1boDuGHq4WAVjroNs9,[],[],0.004425
376,Fractal Amoeba #190,"{""name"":""pandemiaville "",""id"":""tz1WRboGJrpU2iUz537rwwaShwtQFA3KmUd2""}",oo4Kf9jEfojjJknXM1xMjoL4JUNi23hL4XJVgdfiBEnwQV6aLki,[],[],0.004167
377,Fractal Amoeba #189,"{""name"":null,""id"":""tz1VAC5HLjZz3XwNbsRXMb9KktswsXQX17rG""}",oo6VEhpgUWus6qj7w78jV2wxxjmU2GJ8Uq4ZYcUzjQs4rE8Byz8,[],[],0.004425
378,Fractal Amoeba #188,"{""name"":null,""id"":""tz1VAC5HLjZz3XwNbsRXMb9KktswsXQX17rG""}",oohpS1typevFnjRvXhTksfHfVnCoEhGc7TVvfqYjEXkxLaqRvFy,[],[],0.004426
379,Fractal Amoeba #187,"{""name"":""pgeek"",""id"":""tz1LnDtxAszoXCZKsZBm9LgLa6hnTJe6tSQF""}",opLkWZzCPNeYfpB59oqjzya3wXawVuNGcR9jpKp7b8vwsfXsD3r,[],[],0.004128
380,Fractal Amoeba #186,"{""name"":""Mint Eastwood"",""id"":""tz1Kq8NtEjSXkpswLmgod1tPFPVH2TZc8dwM""}",opE6Jx5hx2DBKRtkmuSNC2geYbSW2gEkLWG6VmApqbWS8ibkVVi,[],[],0.004422
381,Fractal Amoeba #185,"{""name"":null,""id"":""tz1fKECSgjHgiVpUH2aNVK2VA8wjHWdSYHvZ""}",ooF4H6QaSFCPeHxQez8RGeofB5S33REMWiufuiu4SRWFjsRmRcF,[],[],0.004134
382,Fractal Amoeba #184,"{""name"":""ribbiter"",""id"":""tz1crxRj5jvcEMWoGJtxhqtUc46tuwNCVbd2""}",ooqbF7mBh4yi7kPqspVkCcHFnL9uyLRysPaxeTR2abW6ZCPPJoS,[],[],0.004133
383,Fractal Amoeba #183,"{""name"":""Mint Eastwood"",""id"":""tz1Kq8NtEjSXkpswLmgod1tPFPVH2TZc8dwM""}",onuzX75VKyY533ogYBvxLviFPWj3ZkYkzZgmXGmuKdvkX628M7Q,[],[],0.004125
384,Fractal Amoeba #182,"{""name"":""Hudah"",""id"":""tz1hLo2JsjDhEQbxBdLtEnWZmvfGXwJJUvSN""}",opGixzKPzPKCjU6rxjHyZz3B4eof5y9EFRjYK53ZvdFob1piNCC,[],[],0.00443
385,Fractal Amoeba #181,"{""name"":""Hudah"",""id"":""tz1hLo2JsjDhEQbxBdLtEnWZmvfGXwJJUvSN""}",ooNGX1S5VUDrjqtfkqEKWU56zbtDUEbiBd7w87BiW4NT3Q6jexg,[],[],0.00443
386,Fractal Amoeba #180,"{""name"":""Birbman.tez"",""id"":""tz1c1T62BqhmNbpz13uE7gGsWc7qo8uEj4z1""}",opVQerthXqMbFWGrkNMo13jeriDhjKNh6mYUS1pxZAohTTUetow,[],[],0.004428
387,Fractal Amoeba #179,"{""name"":""Birbman.tez"",""id"":""tz1c1T62BqhmNbpz13uE7gGsWc7qo8uEj4z1""}",oobpAZiTbQyCmN3AkU494YA6EZXAhXUHkTkhHzPYBQLd9puhEXP,[],[],0.004133
388,Fractal Amoeba #178,"{""name"":""P1x3lboy"",""id"":""tz1SvJbECAva9gxczfBmX3CAFUszgQXNgsNm""}",oo8uoGqkJwNCsH1d2WjJ5ggoj9RPxv1S41tEXk6hRmUkFYQ5BDz,[],[],0.004425
389,Fractal Amoeba #177,"{""name"":""Gin_"",""id"":""tz1gdtdRsFhQzXf3tMXtU8LZ75jPpDoo4WpQ""}",op2HdoGKzsDUbWtif3WWC1YbGQ9LmJVYFkCRp5FhjeRLb2dyztJ,[],[],0.004429
390,Fractal Amoeba #176,"{""name"":""Gin_"",""id"":""tz1gdtdRsFhQzXf3tMXtU8LZ75jPpDoo4WpQ""}",onsTVxTrYGEM2Vht7Zg9BSi1QabA2ueoqVUH14BZQruQac24Kcx,[],[],0.004127
391,Fractal Amoeba #175,"{""name"":""Nymeria"",""id"":""tz1equkAmEpURt3MBZSQjf5pCbzamPvcaxEA""}",oopVxJ4F8SeyVgBppbtLoKJh7G7BrBbwuex5EfMGPUSWZ9yLZhx,[],[],0.004429
392,Fractal Amoeba #174,"{""name"":""moncil"",""id"":""tz1Qe89qNyUUEjpPwjW64AWvneHxVrd5wYqw""}",onnd8PMS6mSAFwXBteXmeJjYmnChUUgyDWDEWWxoQRzXTJdZqeQ,"[{""price"":9900000,""acceptedAt"":null}]",[],0.004129
393,Fractal Amoeba #173,"{""name"":""P1x3lboy"",""id"":""tz1SvJbECAva9gxczfBmX3CAFUszgQXNgsNm""}",ooFBixjr1pNjYyubLXTeyVrBQBSgrnY3vn63M9QMdwotZvDk5ED,[],[],0.004425
394,Fractal Amoeba #172,"{""name"":""DennyG"",""id"":""tz1M4WNPunccNQGvr43ke9uzvJ5bVuPMgXGP""}",oodZRQstoAGrXAWvT55BJWtPGxWP7NtRsRV5Nzh4qS1Jgr6UDTq,[],[],0.004128
395,Fractal Amoeba #171,"{""name"":""Gin_"",""id"":""tz1gdtdRsFhQzXf3tMXtU8LZ75jPpDoo4WpQ""}",op7SgdfUy9hXeavVW6CJuyC7KwHY5nHFRpbzvPpcFCMnniwTEQq,[],[],0.004127
396,Fractal Amoeba #170,"{""name"":""Toebz"",""id"":""tz1bTb1TkHCP6CEK9fFiCaMrJLtWXpM6yjva""}",onpHboHGJmBy3XWRoEy3tv6o3KmEXPz4pvjPpYHriRXfLQjoHgs,[],[],0.004475
397,Fractal Amoeba #169,"{""name"":""nibbin"",""id"":""tz1Wwwbn99k7sz7e3GByuJAzoSyfM3HGny5B""}",opMDfNAhrdxZTyKttWQWQvsvch5vRk5qnEJJaXysC8D5Cghw8Kq,[],[],0.004131
398,Fractal Amoeba #168,"{""name"":""nenwhyq"",""id"":""tz1V9XuiH3RzkLhNf1dgriof5rwTwzi89yq1""}",ooryg1K6LRMD84v2Fi2XpYtkayhC1MUEAjXszzoYhBgEuenhDCH,[],[],0.004131
399,Fractal Amoeba #167,"{""name"":""Gin_"",""id"":""tz1gdtdRsFhQzXf3tMXtU8LZ75jPpDoo4WpQ""}",opZqeu1FvAwW5DjfZBFSyajgwsECJvuHWmpewGHmQJyabc5pS9j,[],[],0.004127
400,Fractal Amoeba #166,"{""name"":""mistik"",""id"":""tz1UTifrX1UijdHnidyw3ZrYVNAiQpZ3XkB4""}",ooMUeLrUofAnqkT6GcK4ZyferL19wqN2g132nj1sQvoiZDFN6AE,[],[],0.004131
401,Fractal Amoeba #165,"{""name"":""mistik"",""id"":""tz1UTifrX1UijdHnidyw3ZrYVNAiQpZ3XkB4""}",op9jeGfi2wJutvw56Qx2GTXXLfw5AgThmFj68eqjQ3g3SJenMcs,[],[],0.004131
402,Fractal Amoeba #164,"{""name"":""Jinx"",""id"":""tz1RGNAXFdETxHtAwCoKCBJSwjRjh9afMw5d""}",oodoJqJNnTmXBHTwdJZEK9gJ1hveXDrzem1zHiSuPFpri7BeopD,[],[],0.004171
403,Fractal Amoeba #163,"{""name"":""P1x3lboy"",""id"":""tz1SvJbECAva9gxczfBmX3CAFUszgQXNgsNm""}",ooXF4eiJyvuirppgNwPpMuzB66CkvwYkMcV6LojsD5umuLiVx8m,[],[],0.004425
404,Fractal Amoeba #162,"{""name"":""Kokomo"",""id"":""tz1eFo6mqN9b6JUw67D43BHjUkK4BDzMn1Cf""}",oobA8AjYnF6yWoTp212T21En4mmjFmxsFtr9UeZm2FHqhRxy1h8,[],[],0.004134
405,Fractal Amoeba #161,"{""name"":""Jinx"",""id"":""tz1RGNAXFdETxHtAwCoKCBJSwjRjh9afMw5d""}",oo31nYxVhia6ivvdWxyHKEMKomSRA5eeTN3LxMYgFJZVyXqoTK2,[],[],0.004171
406,Fractal Amoeba #160,"{""name"":""Jinx"",""id"":""tz1RGNAXFdETxHtAwCoKCBJSwjRjh9afMw5d""}",opP6kEHpn9NB8r4D369KME52NbfWgCVyXQVRhLqPxhyM9uoVAnb,"[{""price"":3000000,""acceptedAt"":""2022-12-20T12:53:29.000Z""}]",[],0.004171
407,Fractal Amoeba #159,"{""name"":""Kokomo"",""id"":""tz1eFo6mqN9b6JUw67D43BHjUkK4BDzMn1Cf""}",oo6ChrtmAnHkGscPzXwCBFvtcxpASVho6qYbEiPqj9fjrQ1wGCv,[],[],0.004134
408,Fractal Amoeba #158,"{""name"":""Jinx"",""id"":""tz1RGNAXFdETxHtAwCoKCBJSwjRjh9afMw5d""}",onn55hhAZQPYJJZfsTaq88BrQppar2dPVSKNGK6VDUaWkUaMRwT,"[{""price"":2700000,""acceptedAt"":""2022-12-21T04:41:14.000Z""}]",[],0.004171
409,Fractal Amoeba #157,"{""name"":""Mr.Gsv"",""id"":""tz1gBTEG4fcb5rWqdwr8spUyhRS4PsNmRgSV""}",ooEDZR5AggzHh4wWh7ReEFVVLon3m1t62FtXh7McQN46nvGMqbL,[],[],0.004134
410,Fractal Amoeba #156,"{""name"":""Jinx"",""id"":""tz1RGNAXFdETxHtAwCoKCBJSwjRjh9afMw5d""}",onpHWiBWTPUX78wjJmjiG8cBdgh1uJkgY6GqAx2nPziipm8PUVt,"[{""price"":2750000,""acceptedAt"":""2022-12-20T19:13:14.000Z""}]",[],0.004171
411,Fractal Amoeba #155,"{""name"":""Jinx"",""id"":""tz1RGNAXFdETxHtAwCoKCBJSwjRjh9afMw5d""}",opMGAcSyfKDoDYAKc5x9EigJVjzqD5JB48mHbiTvcjMfjS4kEnq,"[{""price"":3000000,""acceptedAt"":""2022-12-20T13:17:29.000Z""}]",[],0.004171
412,Fractal Amoeba #154,"{""name"":""Jinx"",""id"":""tz1RGNAXFdETxHtAwCoKCBJSwjRjh9afMw5d""}",opGFHjwWU9strWVxZjbpdgizcmGMva7zxgmaKcV1JSHuJ2z5aAQ,[],[],0.004171
413,Fractal Amoeba #153,"{""name"":""machaman"",""id"":""tz1b4D34XekDYaqiXraCKG31sWLgqThDzxc3""}",oo4fNNGjPAKwYGo2PZ2ttGiycfQb8TPzhPcFm3BdLtZ1Z39jqQz,[],[],0.004428
414,Fractal Amoeba #152,"{""name"":""machaman"",""id"":""tz1b4D34XekDYaqiXraCKG31sWLgqThDzxc3""}",ooXzptaS9m5tnqSkKAd1KHxUgn9QEAbKihRw6Htw7gWU3KoyyaM,[],[],0.004133
415,Fractal Amoeba #151,"{""name"":""Mattsun02160"",""id"":""tz2994tUVsnhCFizVV1n6eDyxKMCdYPYTzUA""}",opF7MAQ7tYqt2iGfLg1qrGVUqGDqWgB6M9xuMvjhDUKpYi7D3qM,[],[],0.004177
416,Fractal Amoeba #150,"{""name"":null,""id"":""tz1LwcUceA5ABBqVtehQJM5jcRP385gAza9B""}",oohawKi6CqvT8AZFA5NAd5DtWoTwhnSYWZCv1Ath9xf94cEzhHt,"[{""price"":7000000,""acceptedAt"":null}]",[],0.004128
417,Fractal Amoeba #149,"{""name"":""machaman"",""id"":""tz1b4D34XekDYaqiXraCKG31sWLgqThDzxc3""}",oo6PTWZLZXecsbyRJoRfu58DCtoz6jns5ZFu6VtCbqC5sQ56fs1,[],[],0.004133
418,Fractal Amoeba #148,"{""name"":""machaman"",""id"":""tz1b4D34XekDYaqiXraCKG31sWLgqThDzxc3""}",ooHTrhRGXPvBTpDpiLQeFHeLWcfCh3e3KcuZdAzwrNyW3XDGvKR,[],[],0.004133
419,Fractal Amoeba #147,"{""name"":null,""id"":""tz1aiM1Zm5QhwudHq23TokDLnr91Ehjw87Fi""}",opMFWLjXJ5qs7FnLCkeEyLuEyBQur8E2dpHwM7PGmeZpwSY5fzc,[],[],0.004427
420,Fractal Amoeba #146,"{""name"":""lunarean"",""id"":""tz1Rakav1r6xMmrvYiXZjdvz3T1wNU4igoQM""}",ooG8ijspjvgvmnX7BsVvxjggTVa8F9Js5PYZrMwj5NDLVHpYDAD,[],[],0.004424
421,Fractal Amoeba #145,"{""name"":null,""id"":""tz1LwcUceA5ABBqVtehQJM5jcRP385gAza9B""}",ooVswtjDwQAHoRJFks82bWYrsfXMrBoLeJdu7MwYzc6RxUkQFFa,[],[],0.004128
422,Fractal Amoeba #144,"{""name"":""Kazuhiro Tanimoto"",""id"":""tz1dRFVAjLLzV1DBccjqKxN8C46gPUeeHsBE""}",onq4Jz85Rnyk6McE1tNnQhVoa6ReppJJzgveHgxjciu1dsQVhoA,[],[],0.004175
423,Fractal Amoeba #143,"{""name"":""Zen_ok1"",""id"":""tz1aeDkHxvzQQsNetSdYqzjwPX15aKZWfEpF""}",oo4pBfcC14c1pjnGcoPvaYYdUtxCrrN1FtaZAgm2M9mjK5Q85Sz,"[{""price"":15000000,""acceptedAt"":null}]",[],0.004132
424,Fractal Amoeba #142,"{""name"":""Zen_ok1"",""id"":""tz1aeDkHxvzQQsNetSdYqzjwPX15aKZWfEpF""}",opELSPMhyrHxMYfA5ehfavXYykczfQqDwkmXDYW6tHsYEMwmxk8,"[{""price"":20000000,""acceptedAt"":null}]",[],0.004132
425,Fractal Amoeba #141,"{""name"":""Zen_ok1"",""id"":""tz1aeDkHxvzQQsNetSdYqzjwPX15aKZWfEpF""}",oosXJmKrHVNcqz57r2KJd9n4BeUf9e6BYewkU8k23mxE3BQ5cMQ,"[{""price"":50000000,""acceptedAt"":null}]",[],0.004132
426,Fractal Amoeba #140,"{""name"":""TezMarket"",""id"":""tz1au96ZfQuoo62sJyhmvJ6yysvpPyRVhqBf""}",opPtKT52jdZKzSLFTPTQV6YizAv43UeYCkgu6HYgYWPeSJjKH9Y,"[{""price"":10000000,""acceptedAt"":null}]",[],0.004133
427,Fractal Amoeba #139,"{""name"":""Zen_ok1"",""id"":""tz1aeDkHxvzQQsNetSdYqzjwPX15aKZWfEpF""}",opMBmbpHfmSn8mtqAqcSPbqE7msCXAEvZp8RXptjFRmSKfJT85o,"[{""price"":100000000,""acceptedAt"":null}]",[],0.004132
428,Fractal Amoeba #138,"{""name"":""Zen_ok1"",""id"":""tz1aeDkHxvzQQsNetSdYqzjwPX15aKZWfEpF""}",onwSaQEaa1x2rtZKRGmm5XqYLT5SxrW7PdzKmVZuDqGvLojqqUo,"[{""price"":10000000,""acceptedAt"":null}]",[],0.004132
429,Fractal Amoeba #137,"{""name"":""nunocagz"",""id"":""tz1SbgUQSHEvBkpJPA1z5k9CgJqzm1UTdiWf""}",ooHbydG1sGWQJxmuvRnreFtMKarwFHYx8Fn2mzG2h1fyDURfCkb,"[{""price"":4990000,""acceptedAt"":null},{""price"":2750000,""acceptedAt"":""2022-12-23T02:57:44.000Z""}]",[],0.00413
430,Fractal Amoeba #136,"{""name"":""pixelwank"",""id"":""tz1fPR5U9vvCJMjfB5gFjgAGB2eD76arskGG""}",opK7WQjx2f8kyoWYZnJJbp667hSwXMTRKV1jKGpy4AA2WFHLwRK,[],[],0.004175
431,Fractal Amoeba #135,"{""name"":""Zen_ok1"",""id"":""tz1aeDkHxvzQQsNetSdYqzjwPX15aKZWfEpF""}",oomafVVAzBZMz2zXuzUupGCwCrfDupmc1NAG7bA5dHMhSHLAj9k,"[{""price"":15000000,""acceptedAt"":null}]",[],0.010413
432,Fractal Amoeba #134,"{""name"":""Zen_ok1"",""id"":""tz1aeDkHxvzQQsNetSdYqzjwPX15aKZWfEpF""}",opWmqrBuVexNm9kN5daE4JHW7rEB1Pd8DpfAwpYzyfLnAXuZqyR,"[{""price"":35000000,""acceptedAt"":null}]",[],0.004132
433,Fractal Amoeba #133,"{""name"":""Bzzhg"",""id"":""tz1U2k1rW4isR96Kk2cqd95Ypw2DXgnhDrD2""}",opGdTc4tgW3kWyCAQKW31DSrUoCkPgURpSwraD7PXUvtBUoiSms,[],[],0.004425
434,Fractal Amoeba #132,"{""name"":""Bzzhg"",""id"":""tz1U2k1rW4isR96Kk2cqd95Ypw2DXgnhDrD2""}",onunvqs3Kq7KAQtnLgKYkM74aMckGkGpTcQUAoS33U5dMip114n,[],[],0.004425
435,Fractal Amoeba #131,"{""name"":""Diego Pintos"",""id"":""tz1gLrwunGDkA25gBojS7gLeHF3EonHSqN6r""}",oo59RtkxcDXK98667KARYmUGTHqkBVpBFE2A99neY5AbV2ezN8x,[],[],0.004476
436,Fractal Amoeba #130,"{""name"":""District468"",""id"":""tz298CEKan5NopadqV9hFERR7i2EPrWyoen6""}",opYZZPdsj3LZerAaNThYJb5W24PAYjsMMHyKczeAuWbs2WZrpYh,[],[],0.004168
437,Fractal Amoeba #129,"{""name"":""Zen_ok1"",""id"":""tz1aeDkHxvzQQsNetSdYqzjwPX15aKZWfEpF""}",onqgRsp2hkAzvSHLSXU71DmZmNsVVvtcHhC6FccqL6Yewg73CmY,"[{""price"":500000000,""acceptedAt"":null}]",[],0.004132
438,Fractal Amoeba #128,"{""name"":""Diego Pintos"",""id"":""tz1gLrwunGDkA25gBojS7gLeHF3EonHSqN6r""}",oomkbnBephqxehc9SpURZ5iL3VbTjpxURCtjADwMEYvTpv9BJQB,[],[],0.004476
439,Fractal Amoeba #127,"{""name"":""Bzzhg"",""id"":""tz1U2k1rW4isR96Kk2cqd95Ypw2DXgnhDrD2""}",ooSbNatBf88qwp6ZFsNWnwXWjRzsNzdJQjEmVq2ED9CtMZGRgAz,[],[],0.004425
440,Fractal Amoeba #126,"{""name"":null,""id"":""tz1hwYHgCvHbvbN4HR7RenzJouyWwzLDC5Yi""}",oo1iEXfhvU7H9QLm49dUQvtUcRHbBGxu9UoM1PhxYVNDQ9U1fPv,"[{""price"":8000000,""acceptedAt"":null}]",[],0.004477
441,Fractal Amoeba #125,"{""name"":""Bzzhg"",""id"":""tz1U2k1rW4isR96Kk2cqd95Ypw2DXgnhDrD2""}",opTGVMrnKGmoG9HuZsHwTiVHqFMAhiAe4tmNfBZTRkHsaXYy3SC,[],[],0.004425
442,Fractal Amoeba #124,"{""name"":null,""id"":""tz1PgohcMLeT4siA6bXMBUWeWntMmJRbrPKV""}",onuG4itJVHx9zHCFFUXNb4SNTNDc7P5D22QXEqt7gjkxrFYoHAi,"[{""price"":6000000,""acceptedAt"":null}]",[],0.004424
443,Fractal Amoeba #123,"{""name"":""glenofstalbans"",""id"":""tz1NhfEvAoFcXEBBHVZxPQmeegpSYawszjxx""}",ooDZgrtwPkrqz9B5UynfcK8uTUWy2hd8w8K7BDY7zwXccAcW5bT,"[{""price"":7000000,""acceptedAt"":null}]",[],0.00447
444,Fractal Amoeba #122,"{""name"":""Diego Pintos"",""id"":""tz1gLrwunGDkA25gBojS7gLeHF3EonHSqN6r""}",ooTi2T3nVb4bWb9ie42Z8KQ5KEyvt6QrwNnjEjYvhF5zRFtVPEW,[],[],0.004477
445,Fractal Amoeba #121,"{""name"":""Bzzhg"",""id"":""tz1U2k1rW4isR96Kk2cqd95Ypw2DXgnhDrD2""}",onpKaiABcDtC9n8KqfCCTaKd2uCjkKRrvagQ9ZUNcbWri4mZbfc,"[{""price"":12000000,""acceptedAt"":null}]",[],0.004131
446,Fractal Amoeba #120,"{""name"":""glenofstalbans"",""id"":""tz1NhfEvAoFcXEBBHVZxPQmeegpSYawszjxx""}",ooqiY8Lx4zT46TAK1BTHcVhkkXsznSDf53TqEd4oJKuoC1stc4f,"[{""price"":6000000,""acceptedAt"":null}]",[],0.00417
447,Fractal Amoeba #119,"{""name"":""bloomspn stu."",""id"":""tz1U1yhK8CGrkpRKR13o5zsg4wWg1a5W1JdJ""}",opVHHayhUxQp5jbRcEWBqPXNGM7UxY9dQEqQoy1czAu9j88yxHQ,"[{""price"":6000000,""acceptedAt"":null}]",[],0.004425
448,Fractal Amoeba #118,"{""name"":""P0chita"",""id"":""tz1V9EauaVkNMQMqzhmVdgZm2sKLaH9GsuRU""}",oograX1Mbsew5cMLmx51aTpwMqkxUgCXfZEhVUcUvCbnZkrEYNj,[],[],0.004473
449,Fractal Amoeba #117,"{""name"":""Diego Pintos"",""id"":""tz1gLrwunGDkA25gBojS7gLeHF3EonHSqN6r""}",onkvsvL7oenvGBi72Apr6UhsdLTpkJrJ4tf7FPFTPcscZ8RWSsy,[],[],0.004176
450,Fractal Amoeba #116,"{""name"":""hasaqui"",""id"":""tz2EyogxqyV7GwVT2rk14YUhq3brBocyKFuX""}",opAyuVciHJt96iWPSMo5mhmoToK9sX1cWnuaQXPuBNw9KJQ3ndH,[],[],0.004478
451,Fractal Amoeba #115,"{""name"":""P0chita"",""id"":""tz1V9EauaVkNMQMqzhmVdgZm2sKLaH9GsuRU""}",opCGn9sVL4fhdRFKAjQoFqwy3G1xaFsVkz814kfG81nazyJdYJ5,[],[],0.004167
452,Fractal Amoeba #114,"{""name"":""WTFiZthiZ"",""id"":""tz2AShGBaSkfmQnYXyCjHnwbXirpUzaSh3rJ""}",op7qXy5TmZzjdWjDsreXba5QkhinL6cimhABLa5iN3zUH8kosUZ,[],[],0.004478
453,Fractal Amoeba #113,"{""name"":""hasaqui"",""id"":""tz2EyogxqyV7GwVT2rk14YUhq3brBocyKFuX""}",ontkhHMkHfCDemHfoM2MBVPRHzEgBBfFiYuhskbjn8pNc1VssGV,[],[],0.004177
454,Fractal Amoeba #112,"{""name"":""District468"",""id"":""tz298CEKan5NopadqV9hFERR7i2EPrWyoen6""}",ooSLu1jQQxWKSLddQBQAxMZvH1khuFSkSc34MrB4X5hN4V1Tbme,[],[],0.004177
455,Fractal Amoeba #111,"{""name"":""Ginda"",""id"":""tz1ixThvf8Hd6HRV26kkVdggTNaimNhTcUYv""}",oobqyQ8UeVNHvuRVrxaRVXB2PsyKj2tynGLUaMZzfzJWgnV1Ffj,"[{""price"":17000000,""acceptedAt"":null},{""price"":7100000,""acceptedAt"":null}]",[],0.004478
456,Fractal Amoeba #110,"{""name"":""District468"",""id"":""tz298CEKan5NopadqV9hFERR7i2EPrWyoen6""}",opECtgbiitmxhFDxdzkEuw99bzh1hnT8W1FQ5vuonswax2MQYpz,[],[],0.004177
457,Fractal Amoeba #109,"{""name"":""AlternativeMA"",""id"":""tz2V1ZUnRJ74qzYLgpk9K4TukErTCtf537mn""}",opYjfPkkGTM211HNAcKzgN418zJtNAR4Q38B5aNLMeDiKGUgsGa,[],[],0.004478
458,Fractal Amoeba #108,"{""name"":""GuZNq"",""id"":""tz1gsAMjT39yDpUwJFnjuA6artxikocGuZNq""}",oo71hwaAt8vqo6pabPHePphcVq9ZGvRnsNMPebZoXZdfq85Ehmm,"[{""price"":9000000,""acceptedAt"":null}]",[],0.004135
459,Fractal Amoeba #107,"{""name"":""pale kirill"",""id"":""tz1U9ZoiU5HRvQD29kjK1roSUiLDamMrjDJ9""}",opTFdnsk2SZSH3MqJVttFVALFJHUwqkNTNMN9FQSoaMgJLAzyg4,"[{""price"":50000000,""acceptedAt"":null}]",[],0.004172
460,Fractal Amoeba #106,"{""name"":""cspok "",""id"":""tz2Dz4kN8HVrkBDrYJEWq4JyZkzBUZUrPN3p""}",oowDmLS46AaGnppf5EE6zUFhguD6Q2MvyKn35bE998bfmY3RZyS,[],[],0.004478
461,Fractal Amoeba #105,"{""name"":""cspok "",""id"":""tz2Dz4kN8HVrkBDrYJEWq4JyZkzBUZUrPN3p""}",opKTJhsPXyHXVoXKMQ1T78vNYrfmk3vW296AfKX62r1WzjaT55N,[],[],0.004177
462,Fractal Amoeba #104,"{""name"":""cspok "",""id"":""tz2Dz4kN8HVrkBDrYJEWq4JyZkzBUZUrPN3p""}",oou92Wzca51mMUAAdKEXejSk5MFHGWDkkLedD6u1W1a4dpYgmGY,[],[],0.004177
463,Fractal Amoeba #103,"{""name"":""Sr.Isla"",""id"":""tz1ReZR5WMcPJ6n8yVp8pQdrgNamLCmx5Wcy""}",opTqcX9W7HwdangDf7w1vA7hhRMWXsNSghHBgJokfjoQfcy3H5K,[],[],0.004166
464,Fractal Amoeba #102,"{""name"":""Sr.Isla"",""id"":""tz1ReZR5WMcPJ6n8yVp8pQdrgNamLCmx5Wcy""}",opNebRCCvZVxdnFPhcTEZe3wC5Aw32KgQoQ3JUcTSwcZUyAuGFj,[],[],0.004171
465,Fractal Amoeba #101,"{""name"":""themassagejp"",""id"":""tz1YuR2h4vfGQtSBExL6C6i4x4Nj9Ek3fpcu""}",onrWr9uQWVLPUzExxBJgBbiCiTxkvf9tzFnNnAeSq1KVK5JLYi2,"[{""price"":5000000,""acceptedAt"":null}]",[],0.004427
466,Fractal Amoeba #100,"{""name"":""GollumNFT"",""id"":""tz1gKQKVmgU2qeeS98dh74g6t3M7pu6YGvYk""}",onfDAFiaMir6VJdzvmAWRoK2myDqWtUAVuzPZLJj8WPCQpheNg7,[],[],0.004429
467,Fractal Amoeba #99,"{""name"":""GollumNFT"",""id"":""tz1gKQKVmgU2qeeS98dh74g6t3M7pu6YGvYk""}",ootgFKgqF9kRdC1Exy2hvvQJfMazP3AvJccizZMByJvcvsEHTiH,[],[],0.004429
468,Fractal Amoeba #98,"{""name"":""themassagejp"",""id"":""tz1YuR2h4vfGQtSBExL6C6i4x4Nj9Ek3fpcu""}",opYS9XpM4Woh2jdEnXqRNxk6h5vtraEyavLh1TgBgijVeKiWpRJ,[],[],0.004427
469,Fractal Amoeba #97,"{""name"":""Semui.tez"",""id"":""tz1R1YhfbVvzaW4xHeB44BbrXKiiRizjsy9L""}",onoFif5u2zzAVNF578sfnGrEr5ht3T63C39Zf2pZSd5jCwgu37X,[],[],0.004478
470,Fractal Amoeba #96,"{""name"":""todemashi"",""id"":""tz1RNVBYBcbAUyjcWkUH86G3v9dTKmuuQTVf""}",ooZoQiKnhSJpBZAiqjBfMuTb5Vy3FA7FQHFz73qwFG6XrfT1abt,"[{""price"":4800000,""acceptedAt"":null}]",[],0.004471
471,Fractal Amoeba #95,"{""name"":""a-smsk421"",""id"":""tz1YStxaufuHpfiNJDZSeFuy5n4nZ7nBCeYS""}",opWw6GcBtpatvLgf4Xm8Ks1KWPFXeXwa7xQPtX6EFfwwojpKaau,[],[],0.004132
472,Fractal Amoeba #94,"{""name"":""GollumNFT"",""id"":""tz1gKQKVmgU2qeeS98dh74g6t3M7pu6YGvYk""}",ooXfye8XvfwTUeH1FxHwASPJzKe6kg2AxnKtBFFWMQbUyVTfJ6V,[],[],0.004429
473,Fractal Amoeba #93,"{""name"":""sunfish"",""id"":""tz1imejUcBVcHqoChpGFifds73MHzj3N73mh""}",opFD7PGH4K1w4X7PhY2PKNdFUYHErBxqay2fcrYQ1UHkue5dUnk,[],[],0.004135
474,Fractal Amoeba #92,"{""name"":null,""id"":""tz1YJoT4wT65hm9yrrCQU7Vr2CtzTMhBmfQR""}",oneU2ksVSd6xYDomZg2D617gcR6phqq9b1DoVnT13ZtNqbFfLmB,[],[],0.004132
475,Fractal Amoeba #91,"{""name"":""sunfish"",""id"":""tz1imejUcBVcHqoChpGFifds73MHzj3N73mh""}",ooiEPgy6wFc7DksdDUUW3CiZ1J5xgHf2M5WkaQNyV4bcHZPyb6A,[],[],0.004135
476,Fractal Amoeba #90,"{""name"":null,""id"":""tz1TEL6xFJx1hJKukx21NCufAfGEEr9yYoKX""}",ooLSWBN42FNLufNRnKEvqYXZxti7nPyg8PgGyTjAUw9MZokZdkP,[],[],0.004479
477,Fractal Amoeba #89,"{""name"":""sunfish"",""id"":""tz1imejUcBVcHqoChpGFifds73MHzj3N73mh""}",op3LDwNQPezmFaYTxjEWs9hQy5HvfJ9aZ9BKNcR2HSaEdp5Fc4T,[],[],0.004135
478,Fractal Amoeba #88,"{""name"":""PierreDunn"",""id"":""tz1UAnRqXU5eR6SgxcX3BaUikXyistDRuxyj""}",opCuSMUL9stMNtkdTSW8K9b8vMQEqW9PW3YiQ5WQufFWuLRrwgD,"[{""price"":2000000,""acceptedAt"":null},{""price"":2990000,""acceptedAt"":null}]",[],0.004131
479,Fractal Amoeba #87,"{""name"":""Semui.tez"",""id"":""tz1R1YhfbVvzaW4xHeB44BbrXKiiRizjsy9L""}",opUm7g2hks2uo3p9V4M6V4vhRSYp2ihnSYX6JKK8B5yhTTCeDn2,[],[],0.004184
480,Fractal Amoeba #86,"{""name"":""sunfish"",""id"":""tz1imejUcBVcHqoChpGFifds73MHzj3N73mh""}",opTdhh1gDfhUd3JuP3mUcVCiVbyVUfKB6DKgr1HqB5XXg72NFGE,[],[],0.004135
481,Fractal Amoeba #85,"{""name"":""DROPHOOKMEELO"",""id"":""tz1MBceiHzy58eGf4VWW2aqqZQnjFH6FQ1wU""}",opJTpsCmNR4tskDZLKWQijbBjxoVyfgyo1MwBk1Q91L2BuK5gac,[],[],0.004125
482,Fractal Amoeba #84,"{""name"":null,""id"":""tz1TEL6xFJx1hJKukx21NCufAfGEEr9yYoKX""}",opZe1KnEMxYwWXksoNW5XV7c2iS7suJfbFrCd8Cg9pSbF6tfVdA,[],[],0.004479
483,Fractal Amoeba #83,"{""name"":""PierreDunn"",""id"":""tz1UAnRqXU5eR6SgxcX3BaUikXyistDRuxyj""}",ooFnQRbbp3YCzSki5iRP6uAmqLhR8pAdgurJ5GryyxQz3nf1bkA,"[{""price"":2000000,""acceptedAt"":""2022-12-27T07:50:44.000Z""},{""price"":4000000,""acceptedAt"":null},{""price"":8900000,""acceptedAt"":null}]",[],0.004131
484,Fractal Amoeba #82,"{""name"":null,""id"":""tz1gmR7ZFLynw8hYkgr8jjfFZpsnav5EqVrV""}",ooq3313TSaCAfdSLHX7fvnzNcQQpcXsTZ9NtFvSB24whcbnQaMr,[],[],0.00443
485,Fractal Amoeba #81,"{""name"":null,""id"":""tz1TEL6xFJx1hJKukx21NCufAfGEEr9yYoKX""}",ooEG4iRtCuuJyM2r7SZ94fSQk5Hu4tyvaxHDvVx4fYhHJPLrXhs,[],[],0.004479
486,Fractal Amoeba #80,"{""name"":null,""id"":""tz1gmR7ZFLynw8hYkgr8jjfFZpsnav5EqVrV""}",oow23ZYNLkq3nTSgyCUZjvhyzNLXMcztWEfZ1myzY11ocxdjY3n,[],[],0.00443
487,Fractal Amoeba #79,"{""name"":""Semui.tez"",""id"":""tz1R1YhfbVvzaW4xHeB44BbrXKiiRizjsy9L""}",oo3ExvzhieABHhmTQmPDbpwbp4JotMXGLkgirD3axvn7jaLeyxu,[],[],0.004184
488,Fractal Amoeba #78,"{""name"":null,""id"":""tz1gmR7ZFLynw8hYkgr8jjfFZpsnav5EqVrV""}",opaLSdaAfZxrVhg37RZK8ZvRQVh5518s6hEiZ5RfWbYU7w3Kshw,[],[],0.00443
489,Fractal Amoeba #77,"{""name"":""redneck"",""id"":""tz1LrzUZyuq1i25tdZ4sEjcq5jf5gud2SjEm""}",op8SaNnHcA91gtNLxiZHkU52EEbwafB6wWhep1LbgbuWGKFLhhn,"[{""price"":40000000,""acceptedAt"":null}]",[],0.004128
490,Fractal Amoeba #76,"{""name"":""Yuppie Drilla"",""id"":""tz1eUCrnJdQUuY6C5DsEKGxKPL6EtYzXtDXD""}",opYLcxnm7Dqe1fWxSHVfjS4DNbbDQnjb7AhRYNSQEuP7cFFmMAq,"[{""price"":3000000,""acceptedAt"":null}]",[],0.004134
491,Fractal Amoeba #75,"{""name"":""WTFiZthiZ"",""id"":""tz2AShGBaSkfmQnYXyCjHnwbXirpUzaSh3rJ""}",onwGwsk5EL2pt5yT7XHqSEMRztGVQCZGcTb5LSSXPxMZScCGU4X,[],[],0.004177
492,Fractal Amoeba #74,"{""name"":null,""id"":""tz1gmR7ZFLynw8hYkgr8jjfFZpsnav5EqVrV""}",onv9twsXfuVBxAqJwPu8meEwBZWqTdW67vZp2R3AgVKA36fyP7w,[],[],0.00443
493,Fractal Amoeba #73,"{""name"":null,""id"":""tz1PBSPfqCugX6WJz5VhW9e6TEuWvJcSuuk1""}",onkqdvmCofLZYC6yT62JwmsyNErvNdQdh6dKG5QNcdgkHWjRkuf,[],[],0.004129
494,Fractal Amoeba #72,"{""name"":null,""id"":""tz1gmR7ZFLynw8hYkgr8jjfFZpsnav5EqVrV""}",ooLgPJxSKQXY8LbowsiDLGMRPF14g3Qnzxicvak3t6osQNB8UVQ,[],[],0.00443
495,Fractal Amoeba #71,"{""name"":""473xanderz.tez"",""id"":""tz1UDGwyTMU3ccfV4o6KzagWkD734FCSWN12""}",opJJfvCixUWU8BJxyyZtCpJAefTSNX6jxqtViyS7DiHcDx6VJNU,"[{""price"":10000000,""acceptedAt"":null}]",[],0.004425
496,Fractal Amoeba #70,"{""name"":""JPegMorgan"",""id"":""tz1UtYHvHrbeyJSwSkpWsmoSsMGnnKbhqLzG""}",opaEZDmdjugSGD7uwCQJwCr2VKwSNndWANR3XnTeB8R2RCNCmGi,"[{""price"":6000000,""acceptedAt"":null},{""price"":69000000,""acceptedAt"":null}]",[],0.004131
497,Fractal Amoeba #69,"{""name"":null,""id"":""tz1gmR7ZFLynw8hYkgr8jjfFZpsnav5EqVrV""}",onojiGuvdk1ScdtKm7dFDS5QTBZFGfTc4bEpvxNxDiNqjsujEVa,[],[],0.004127
498,Fractal Amoeba #68,"{""name"":""473xanderz.tez"",""id"":""tz1UDGwyTMU3ccfV4o6KzagWkD734FCSWN12""}",onqpMreoygSnM9HHbCb1U9JEyTbRVw11FMUcYSu9RjArLSnqJYZ,"[{""price"":10000000,""acceptedAt"":null}]",[],0.004425
499,Fractal Amoeba #67,"{""name"":""Semui.tez"",""id"":""tz1R1YhfbVvzaW4xHeB44BbrXKiiRizjsy9L""}",opM6cQYGWcL71dmjeXAjXCFUyLPvYnUZDqakAQ77XpxFsAK8fTZ,[],[],0.004184
500,Fractal Amoeba #66,"{""name"":""473xanderz.tez"",""id"":""tz1UDGwyTMU3ccfV4o6KzagWkD734FCSWN12""}",oo5sxiwuMGe8sksmaHLSATnpPybTfE8UWfS4kjW8oW4SGpim8Ab,"[{""price"":10000000,""acceptedAt"":null}]",[],0.004425
501,Fractal Amoeba #65,"{""name"":""todemashi"",""id"":""tz1RNVBYBcbAUyjcWkUH86G3v9dTKmuuQTVf""}",ooNfyvpt3FcWmEJf4tb5rAjMhNrWCh4nGoW5wmiw8XdzWnmvX9d,[],[],0.004171
502,Fractal Amoeba #64,"{""name"":null,""id"":""tz1gmR7ZFLynw8hYkgr8jjfFZpsnav5EqVrV""}",op613Qe6fh6QH7CgZgG5jBqWv7jWDiRHaKkYyuyQSY8sYmKUZQU,[],[],0.004127
503,Fractal Amoeba #63,"{""name"":""chessboss2000"",""id"":""tz1TL5mbC8x3T2nQLJrMTngrKmPn6dGmcPe3""}",opAicXQxH7PDvY6TQe8hmcvzLAMNkAVBsSr7Jq6niQrKMirxF7a,[],[],0.004172
504,Fractal Amoeba #62,"{""name"":null,""id"":""tz1gmR7ZFLynw8hYkgr8jjfFZpsnav5EqVrV""}",ooshq4nbFQkpK17eErbdT4hf3TNmRBVeLvzzEoSAGW6yYYKrtek,[],[],0.004127
505,Fractal Amoeba #61,"{""name"":null,""id"":""tz1gmR7ZFLynw8hYkgr8jjfFZpsnav5EqVrV""}",onpJRF1XXiB9tBYLheT785X8onqAdT3NVztFe1NKHmtzL72rVQV,[],[],0.004135
506,Fractal Amoeba #60,"{""name"":""themassagejp"",""id"":""tz1YuR2h4vfGQtSBExL6C6i4x4Nj9Ek3fpcu""}",oo4XenbXKkdMxgdivA2EwJcBEtkZ7EGi8mk9iKgXxsPjik82fS2,[],[],0.004132
507,Fractal Amoeba #59,"{""name"":""Semui.tez"",""id"":""tz1R1YhfbVvzaW4xHeB44BbrXKiiRizjsy9L""}",ooj7GYNQ1seT8SJK7AMDg3hsLyfzRBp3tDnx4qw4PQLgTcs9itq,[],[],0.004184
508,Fractal Amoeba #58,"{""name"":null,""id"":""tz1gmR7ZFLynw8hYkgr8jjfFZpsnav5EqVrV""}",op6JHCWpND6y5jCJRwm6z9dhThNfGMBXCey7qQq9UWTaPYquXyj,[],[],0.004135
509,Fractal Amoeba #57,"{""name"":null,""id"":""tz1gmR7ZFLynw8hYkgr8jjfFZpsnav5EqVrV""}",opLw82m4fg4w1LFy7wTk6HtYcFTfZH2ZxDNrvNwFTdvkg4x8pnn,[],[],0.004135
510,Fractal Amoeba #56,"{""name"":null,""id"":""tz1gmR7ZFLynw8hYkgr8jjfFZpsnav5EqVrV""}",oooXVDwZ5mHBcQHWRCxYGo7qvjmowCLjf7PNmxMxSz8cg6Ti8DB,[],[],0.004135
511,Fractal Amoeba #55,"{""name"":null,""id"":""tz1gmR7ZFLynw8hYkgr8jjfFZpsnav5EqVrV""}",ooYbsf8Kd8GVQeaNGb92jajp8swnrx21CfnxS8s941kjmJnNk32,[],[],0.004135
512,Fractal Amoeba #54,"{""name"":""Jairohm"",""id"":""tz1TDrGhzGmKUQkjPTq6zjL1rKArVxRv7PMk""}",oomkamyqYWi9izkFg9pBZJ5jC5tH71iY9xoPFufyayz83fjvc44,[],[],0.004479
513,Fractal Amoeba #53,"{""name"":""Jairohm"",""id"":""tz1TDrGhzGmKUQkjPTq6zjL1rKArVxRv7PMk""}",oo1ybpTnHJJNhJMHpv6zVLh6wzbpUnbqTJWfiJBduArKQ1wgo6h,[],[],0.004479
514,Fractal Amoeba #52,"{""name"":""District468"",""id"":""tz298CEKan5NopadqV9hFERR7i2EPrWyoen6""}",oo2ZYhau9Po96TbnrDCbiRCDchz5nJ6MEMsDRxQueAcDPpcLf1a,[],[],0.004177
515,Fractal Amoeba #51,"{""name"":null,""id"":""tz1SqapWg43iSesMuAePSQL5eW4WsBC9Hrzq""}",ooFnusWxqUBLykXxMt1nkg7rSaC8EiWUGAdA1yUbschStj3rFVM,"[{""price"":30000000,""acceptedAt"":null}]",[],0.00413
516,Fractal Amoeba #50,"{""name"":""Jairohm"",""id"":""tz1TDrGhzGmKUQkjPTq6zjL1rKArVxRv7PMk""}",ooyU1CJJFu6cuQSJJKK9vXL6yd2Kq2npyRF8unJw5QdaCheUoSC,[],[],0.004479
517,Fractal Amoeba #49,"{""name"":""District468"",""id"":""tz298CEKan5NopadqV9hFERR7i2EPrWyoen6""}",ooDZzFscKg4kx4SKx1hLFpjbEEW8xVdUfWP3NxZWNgKVdYhY4ha,"[{""price"":8000000,""acceptedAt"":null}]",[],0.004177
518,Fractal Amoeba #48,"{""name"":""Jairohm"",""id"":""tz1TDrGhzGmKUQkjPTq6zjL1rKArVxRv7PMk""}",opNCt6QJTqmD47LxRWbTQPTAXC3Sgh63S75hx18Bv5f6m19U1JT,[],[],0.004479
519,Fractal Amoeba #47,"{""name"":""arch5tanton1"",""id"":""tz1YAGVb7KogRfsfTWTKzpPpxhQn514EMFUZ""}",op5f7AF43VenXV6CskVHUDab6VyA6bQewuU8cxaX2K7hwBgAWT9,[],[],0.004427
520,Fractal Amoeba #46,"{""name"":null,""id"":""tz1VNQcUU2bciBHXehPumbPfpAtuNYb9xHaE""}",ooDrWeF32RLYDnhwdb9PjeFJYrKShHA2iSgerNWHZZi3MkeRzBX,"[{""price"":8000000,""acceptedAt"":""2022-12-22T17:17:59.000Z""}]",[],0.00448
521,Fractal Amoeba #45,"{""name"":""yenren"",""id"":""tz1eKTnTMPKkQdZQFHU4dKsGgefF1hQvBnKw""}",ooSHRKz6wnXWyGkSkDptJ8AYCM2qET77o7sqKG4XBnyp9jGWQZy,[],[],0.004134
522,Fractal Amoeba #44,"{""name"":""yenren"",""id"":""tz1eKTnTMPKkQdZQFHU4dKsGgefF1hQvBnKw""}",opDZF9uFS4dyax8X8VZW1fpovHYZsRVCyxydH4pRdMz79tNKT3B,[],[],0.004134
523,Fractal Amoeba #43,"{""name"":null,""id"":""tz1VNQcUU2bciBHXehPumbPfpAtuNYb9xHaE""}",opaZ72TmPdZ5LLjeFjF6g5VotPx25ey9vLbdebAQDicMQt8msk6,"[{""price"":10000000,""acceptedAt"":null}]",[],0.00448
524,Fractal Amoeba #42,"{""name"":""District468"",""id"":""tz298CEKan5NopadqV9hFERR7i2EPrWyoen6""}",ooVJR8PhvzoV4gdkDYF5HBcgCSJuMPKkobztYuNYebYaJYpejTb,[],[],0.004177
525,Fractal Amoeba #41,"{""name"":""dglitch0us.tez"",""id"":""tz1iEzucUm7VZtyeSKpKCGwWqPFqAtVn412u""}",onw4PKCiS4ZdRjDZXWEbRLZVYzwYYFzr8GCAPmrNXnz97nASDvd,[],[],0.004181
526,Fractal Amoeba #40,"{""name"":""mrgn"",""id"":""tz1SwdC6BGEeabqjkDDUvrcZaWYkMNaGbLhi""}",ooj5dCnfngaczdiz3fnYUJeNvRE1AZi5AsDGdZEbjogTXxAQwMp,"[{""price"":12000000,""acceptedAt"":null}]",[],0.00413
527,Fractal Amoeba #39,"{""name"":""Ramp"",""id"":""tz1VmheNS6QPHDPMWJiD1vGvvUrnhQ2dd4fC""}",oox12xcDiZRSMPagjzHXh1vcaj39Mm9t3Tzoj1PFDKf7W3ZhR33,"[{""price"":19000000,""acceptedAt"":null}]",[],0.004131
528,Fractal Amoeba #38,"{""name"":""dglitch0us.tez"",""id"":""tz1iEzucUm7VZtyeSKpKCGwWqPFqAtVn412u""}",ooHpsNvaJsPGwios9aFehYdpszTxiwAY2wAbgV7BTv4DngJXQdJ,[],[],0.004181
529,Fractal Amoeba #37,"{""name"":""Faker"",""id"":""tz1ew8MmEDFpBV3nnmCF4igNf6DXurBdHAoh""}",ooXuMoAUSwYKpqek44J5kZNzo9w8Pmzxstq6mr2QVe7uGm5KNb5,"[{""price"":15000000,""acceptedAt"":null}]",[],0.004134
530,Fractal Amoeba #36,"{""name"":""dglitch0us.tez"",""id"":""tz1iEzucUm7VZtyeSKpKCGwWqPFqAtVn412u""}",onsoo2cEE1oEPX3TMYn7Lt64f8gjjmvWp7bC2vF2HHEhZp6WL5x,[],[],0.004181
531,Fractal Amoeba #35,"{""name"":""BadBadmanman"",""id"":""tz1cHceCnSrCc6KmC83fgqwVK85actWf41gd""}",oojqKexeHr5Kn9GUpV4sKfx2jJedEHZYxFqPFiLCmRUWYUZyBLd,"[{""price"":10000000,""acceptedAt"":null}]",[],0.004133
532,Fractal Amoeba #34,"{""name"":null,""id"":""tz1T1ivmH9dcqeazLC3oxWeEmT36sueeEyHH""}",opJ9xToQFvTYtRSDbDYQzp58xiGyXvKpLDBBA4QYxFYBJCxVMoC,[],[],0.004172
533,Fractal Amoeba #33,"{""name"":""GoreFlipper"",""id"":""tz1dWyQQjasXyeZPgdfPkgFxHLSNZF9pkt1k""}",oomrAMsP5XBHvwmSjzUttYFoYvfNNzBEJmXfnkqvP9XBSd7b4if,[],[],0.004429
534,Fractal Amoeba #32,"{""name"":""Swift1"",""id"":""tz1R5hLrvpJzZny96jofqmpBghQ45ZjcE5Ug""}",opJbhzzSJt35rKJ3XEj4RN15MrS9PuyQfE6yKEzMC316y9GEnVp,"[{""price"":3500000,""acceptedAt"":""2022-12-20T13:19:29.000Z""}]",[],0.00413
535,Fractal Amoeba #31,"{""name"":""dglitch0us.tez"",""id"":""tz1iEzucUm7VZtyeSKpKCGwWqPFqAtVn412u""}",opRPTWUfsa1EwL7ZEkSXekaWu1vW2AsJNMidvwRJqhvJ6HvBjSw,[],[],0.004181
536,Fractal Amoeba #30,"{""name"":null,""id"":""tz1SCddqrGB2GMWdHwsrMzN9GDf5BPYjm3Ec""}",oosiscPVwc39mbtQbddHHiWQVUHfrCdbcK1Sw4Kw5AqWU4wGktV,"[{""price"":5000000,""acceptedAt"":""2022-12-22T17:14:44.000Z""}]",[],0.004425
537,Fractal Amoeba #29,"{""name"":""Swift1"",""id"":""tz1R5hLrvpJzZny96jofqmpBghQ45ZjcE5Ug""}",onxnQRrnXamBuzfBDC2xShs55cmYEuwbQW9rMpR8w845PLrn9Nt,[],[],0.00413
538,Fractal Amoeba #28,"{""name"":""Tezmania"",""id"":""tz2XEzvZ7nR5M9wFLPgjFgWGiafw3F6EUjXc""}",ooDJ9anxTiEJNp2akby22XsVhDStJsqRFageUVXgjxVvE19Y6Hs,"[{""price"":22000000,""acceptedAt"":null}]",[],0.004479
539,Fractal Amoeba #27,"{""name"":""Doom"",""id"":""tz1QgcWNdDf8YZqYgqTXZvdc55TkBSchDJSN""}",ook8qqpoNAJ3ybr1KwbHN7zJo84MRQgSwHxecR9XPTpkjJ59Am2,[],[],0.00413
540,Fractal Amoeba #26,"{""name"":""crlptrs.tez"",""id"":""tz28frCbEKE3pKtohcW4nKQVfp51KRQjAJ94""}",ooebqMi9pV2vURz7qGpzXrqhq7oKLEDquoDeuBRXt181kzxjzv2,[],[],0.004478
541,Fractal Amoeba #25,"{""name"":""Softcity Crew "",""id"":""tz2RU4H1XidHiTSs71TmYT1GywmaKgfeQujQ""}",ooQDwkfcXw7bsDh38B8UXpi19H4UeJh2nW5KS7SypVZ9oZVJEm1,[],[],0.004177
542,Fractal Amoeba #24,"{""name"":null,""id"":""tz1MFYSHEYKvdQsLDvWvYPKE2r3QCUbMME59""}",oobPwXuzB8P2cx6mcyAJzkjF9pFvfjXiq5WYMneLF3KDoZWgh3x,"[{""price"":19000000,""acceptedAt"":null}]",[],0.004129
543,Fractal Amoeba #23,"{""name"":null,""id"":""tz1eM54yXHy5BjDPmKkMvCvjbVT9jGYEKMRY""}",onjVVZGYhxAp2FDnxN4DCJh4Mu1MJhycwvX5sLsrfCWTf1cWeFJ,"[{""price"":30000000,""acceptedAt"":null},{""price"":4500000,""acceptedAt"":""2022-12-22T16:44:44.000Z""}]",[],0.004429
544,Fractal Amoeba #22,"{""name"":""Softcity Crew "",""id"":""tz2RU4H1XidHiTSs71TmYT1GywmaKgfeQujQ""}",onpx9mWgiGWY3gkgYE736tduDns6pMohG7J2CLmW2UKu7XBh5FT,[],[],0.004177
545,Fractal Amoeba #21,"{""name"":""ISEE JULEZ"",""id"":""tz1WRWPC14GHihJUo5abP2pzMm4qCRhpTytA""}",opTQGXhyQno6nxzco2CGQ4csWsdRXB7EXWvZPCYZMuPAFZ3PmAi,[],[],0.004132
546,Fractal Amoeba #20,"{""name"":null,""id"":""tz1MFYSHEYKvdQsLDvWvYPKE2r3QCUbMME59""}",ood24nqpL3oooCfX5wFMJaUcsG3oKqui4fAP9aWx1gfzVo9jLn1,"[{""price"":24690000,""acceptedAt"":null}]",[],0.004129
547,Fractal Amoeba #19,"{""name"":""crlptrs.tez"",""id"":""tz28frCbEKE3pKtohcW4nKQVfp51KRQjAJ94""}",ontC6vQLUKphArNGb9zq4qk6ZGBGwnWAuD8pubf3P94pr35fiYi,[],[],0.004478
548,Fractal Amoeba #18,"{""name"":""Frederik De Fruyt"",""id"":""tz1PYJbuAbc14ZBLbD7jQszoVDDEbMBpjYKG""}",opanzxsSEjJCjk4viE8oJURWgBiPRJscMPB7Fu5CitrxhhqN2uJ,[],[],0.004424
549,Fractal Amoeba #17,"{""name"":""jill.s"",""id"":""tz1WoXzwhVJoaKiJ31wy2yFQEtu79xmaNqMA""}",opG8BKvqexsMeuCC8Z4gh3VGLkQqoubezGtnkdjNmFNaQ8nK4a4,"[{""price"":15000000,""acceptedAt"":null}]",[],0.004132
550,Fractal Amoeba #16,"{""name"":null,""id"":""tz1MFYSHEYKvdQsLDvWvYPKE2r3QCUbMME59""}",ooRLeiWsvcsBVXMibBCdbxxqEZ7GCi3kYPS5bk2j6Cyv96y89o6,"[{""price"":18000000,""acceptedAt"":null}]",[],0.004129
551,Fractal Amoeba #15,"{""name"":""ISEE JULEZ"",""id"":""tz1WRWPC14GHihJUo5abP2pzMm4qCRhpTytA""}",ooTxBj4GSXGGubYBCoBNc7AZi77bUM62NE5iq8KAcqRVMT2ePiZ,[],[],0.004132
552,Fractal Amoeba #14,"{""name"":""Liquidity Network"",""id"":""tz1UraXm8CyqneVqUawTppCAYF6zWkxcSsPr""}",onqjkxejUf5kpkpxjHviWJPwr6vpAEm6itiHQXSW6vFAkqGk9Zx,[],[],0.004126
553,Fractal Amoeba #13,"{""name"":""Liquidity Network"",""id"":""tz1UraXm8CyqneVqUawTppCAYF6zWkxcSsPr""}",onkvShU3PAhP78UKXJnkha4htiiWMcgdUjvr1iXaPSrwCgFXp3b,"[{""price"":10000000,""acceptedAt"":null}]",[],0.004131
554,Fractal Amoeba #12,"{""name"":""With_pleasure"",""id"":""tz1XEUPRVAY79QAHpd2q3sg2p8YE38L4GbND""}",opMCcsLrhqfzL7CThG1zMZeBwWTtosUGFrA4L6puLvNx7uf5zD4,"[{""price"":22000000,""acceptedAt"":null}]",[],0.004473
555,Fractal Amoeba #11,"{""name"":""crlptrs.tez"",""id"":""tz28frCbEKE3pKtohcW4nKQVfp51KRQjAJ94""}",oooCZs5iLhcVbHFXuctC7F9nS87rio8xxwCLJ4nryWkCcpPvFXr,[],[],0.004168
556,Fractal Amoeba #10,"{""name"":""Liquidity Network"",""id"":""tz1UraXm8CyqneVqUawTppCAYF6zWkxcSsPr""}",onjfPTeJaKKLZwa1spWJFSuMn27n6ZzvHqCV29GLL23R5K2aGwH,[],[],0.004131
557,Fractal Amoeba #9,"{""name"":""jill.s"",""id"":""tz1WoXzwhVJoaKiJ31wy2yFQEtu79xmaNqMA""}",onsXz9HyzKVJQATM9fpvbsCMKWtFxQ4ibwWotYu7kP9yDNJqDS3,"[{""price"":35000000,""acceptedAt"":null}]",[],0.004132
558,Fractal Amoeba #8,"{""name"":null,""id"":""tz1i3mG8ijUzTZJipxicy5TARPBwbEFiac57""}",opCwsEXV3hXef6PFDMCXGWnBdfQKUcsPHzmepPD5tnAKZTrt27u,[],[],0.00443
559,Fractal Amoeba #7,"{""name"":""kuma"",""id"":""tz1VCRKLcyFixpS2LrKtpdoj3gGspxbevvSs""}",opUrxzUBw9RYYPQsGXfnD2QRWBb9Pgf3T2QgpXLiwGBPpCG8RBZ,[],[],0.004426
560,Fractal Amoeba #6,"{""name"":""Liquidity Network"",""id"":""tz1UraXm8CyqneVqUawTppCAYF6zWkxcSsPr""}",oneis4MfEMcEvxMtjSEBhjPfr1DHwMUj72xNUSdqihyDsshm6Rw,[],[],0.004131
561,Fractal Amoeba #5,"{""name"":""jill.s"",""id"":""tz1WoXzwhVJoaKiJ31wy2yFQEtu79xmaNqMA""}",opJXC4PiBXjsKj1yvDLX9C8cmtyiftfjHPKuWgfQ2rTrym5pKQY,"[{""price"":10000000000,""acceptedAt"":null}]",[],0.004132
562,Fractal Amoeba #4,"{""name"":""Ascallon"",""id"":""tz1QWpRs3mfYgZcaG62krPcACSeQLS4uV1WB""}",onqLcNs9cmgPxc4GiUWGXrAYbDfGF4WTyeyt8JzSVsbdmJmvfUm,"[{""price"":10000000,""acceptedAt"":""2022-12-20T16:04:59.000Z""}]",[],0.004424
563,Fractal Amoeba #3,"{""name"":""kuma"",""id"":""tz1VCRKLcyFixpS2LrKtpdoj3gGspxbevvSs""}",opQKK8Nq3aATvAkxHFZX4vNvNapDrsRmpkytyL4mfhL2s1ZuXoo,[],[],0.004426
564,Fractal Amoeba #2,"{""name"":""peili"",""id"":""tz1hya8VQGYwpy42qX1Z1o5JebPXMKS3qPJW""}",ooFS3ZFKFCRLm93tbJRVuNqKv7kKZxR66TySFU74DFoBsttZ9Ld,[],[],0.004135
565,Fractal Amoeba #1,"{""name"":""Ascallon"",""id"":""tz1QWpRs3mfYgZcaG62krPcACSeQLS4uV1WB""}",ontk4cLyXm4hXm995iebE7N6zFC1k15uCy5TrysD4Bk19FdrAtJ,"[{""price"":100000000,""acceptedAt"":null}]",[],0.004424
